nmkab,date,mean
PIDIE JAYA,2026-01-05,
LANGSA,2026-01-05,
SABANG,2026-01-05,
SUBULUSSALAM,2026-01-05,1.0
LHOKSEUMAWE,2026-01-05,
BANDA ACEH,2026-01-05,
NAGAN RAYA,2026-01-05,
ACEH TAMIANG,2026-01-05,
BENER MERIAH,2026-01-05,
ACEH JAYA,2026-01-05,
ACEH UTARA,2026-01-05,
BIREUEN,2026-01-05,
GAYO LUES,2026-01-05,
ACEH BARAT DAYA,2026-01-05,
ACEH BESAR,2026-01-05,
ACEH BARAT,2026-01-05,
PIDIE,2026-01-05,
ACEH TENGGARA,2026-01-05,0.8570263964242543
ACEH SELATAN,2026-01-05,0.9547034003474808
ACEH TENGAH,2026-01-05,
ACEH TIMUR,2026-01-05,
ACEH SINGKIL,2026-01-05,
SIMEULUE,2026-01-05,
PIDIE JAYA,2026-01-10,
LANGSA,2026-01-10,
SABANG,2026-01-10,
SUBULUSSALAM,2026-01-10,
LHOKSEUMAWE,2026-01-10,
BANDA ACEH,2026-01-10,
NAGAN RAYA,2026-01-10,
ACEH TAMIANG,2026-01-10,
BENER MERIAH,2026-01-10,
ACEH JAYA,2026-01-10,
ACEH UTARA,2026-01-10,
BIREUEN,2026-01-10,
GAYO LUES,2026-01-10,
ACEH BARAT DAYA,2026-01-10,
ACEH BESAR,2026-01-10,
ACEH BARAT,2026-01-10,
PIDIE,2026-01-10,
ACEH TENGGARA,2026-01-10,
ACEH SELATAN,2026-01-10,
ACEH TENGAH,2026-01-10,
ACEH TIMUR,2026-01-10,
ACEH SINGKIL,2026-01-10,
SIMEULUE,2026-01-10,
PIDIE JAYA,2026-01-11,
LANGSA,2026-01-11,
SABANG,2026-01-11,
SUBULUSSALAM,2026-01-11,
LHOKSEUMAWE,2026-01-11,
BANDA ACEH,2026-01-11,
NAGAN RAYA,2026-01-11,
ACEH TAMIANG,2026-01-11,
BENER MERIAH,2026-01-11,
ACEH JAYA,2026-01-11,1.0
ACEH UTARA,2026-01-11,
BIREUEN,2026-01-11,
GAYO LUES,2026-01-11,
ACEH BARAT DAYA,2026-01-11,
ACEH BESAR,2026-01-11,0.8779174147217236
ACEH BARAT,2026-01-11,
PIDIE,2026-01-11,
ACEH TENGGARA,2026-01-11,
ACEH SELATAN,2026-01-11,
ACEH TENGAH,2026-01-11,
ACEH TIMUR,2026-01-11,
ACEH SINGKIL,2026-01-11,
SIMEULUE,2026-01-11,
PIDIE JAYA,2026-01-11,
LANGSA,2026-01-11,
SABANG,2026-01-11,0.8198966569134035
SUBULUSSALAM,2026-01-11,
LHOKSEUMAWE,2026-01-11,
BANDA ACEH,2026-01-11,0.5047902641118591
NAGAN RAYA,2026-01-11,
ACEH TAMIANG,2026-01-11,
BENER MERIAH,2026-01-11,
ACEH JAYA,2026-01-11,
ACEH UTARA,2026-01-11,
BIREUEN,2026-01-11,
GAYO LUES,2026-01-11,
ACEH BARAT DAYA,2026-01-11,
ACEH BESAR,2026-01-11,0.6265369464008594
ACEH BARAT,2026-01-11,
PIDIE,2026-01-11,
ACEH TENGGARA,2026-01-11,
ACEH SELATAN,2026-01-11,
ACEH TENGAH,2026-01-11,
ACEH TIMUR,2026-01-11,
ACEH SINGKIL,2026-01-11,
SIMEULUE,2026-01-11,
PIDIE JAYA,2026-01-13,
LANGSA,2026-01-13,
SABANG,2026-01-13,
SUBULUSSALAM,2026-01-13,
LHOKSEUMAWE,2026-01-13,
BANDA ACEH,2026-01-13,
NAGAN RAYA,2026-01-13,
ACEH TAMIANG,2026-01-13,
BENER MERIAH,2026-01-13,
ACEH JAYA,2026-01-13,
ACEH UTARA,2026-01-13,
BIREUEN,2026-01-13,
GAYO LUES,2026-01-13,
ACEH BARAT DAYA,2026-01-13,
ACEH BESAR,2026-01-13,
ACEH BARAT,2026-01-13,
PIDIE,2026-01-13,
ACEH TENGGARA,2026-01-13,
ACEH SELATAN,2026-01-13,
ACEH TENGAH,2026-01-13,
ACEH TIMUR,2026-01-13,
ACEH SINGKIL,2026-01-13,
SIMEULUE,2026-01-13,
PIDIE JAYA,2026-01-13,
LANGSA,2026-01-13,
SABANG,2026-01-13,
SUBULUSSALAM,2026-01-13,
LHOKSEUMAWE,2026-01-13,
BANDA ACEH,2026-01-13,
NAGAN RAYA,2026-01-13,
ACEH TAMIANG,2026-01-13,
BENER MERIAH,2026-01-13,
ACEH JAYA,2026-01-13,0.9375
ACEH UTARA,2026-01-13,
BIREUEN,2026-01-13,
GAYO LUES,2026-01-13,
ACEH BARAT DAYA,2026-01-13,
ACEH BESAR,2026-01-13,1.0
ACEH BARAT,2026-01-13,
PIDIE,2026-01-13,
ACEH TENGGARA,2026-01-13,
ACEH SELATAN,2026-01-13,
ACEH TENGAH,2026-01-13,
ACEH TIMUR,2026-01-13,
ACEH SINGKIL,2026-01-13,
SIMEULUE,2026-01-13,
PIDIE JAYA,2026-01-13,
LANGSA,2026-01-13,
SABANG,2026-01-13,
SUBULUSSALAM,2026-01-13,
LHOKSEUMAWE,2026-01-13,
BANDA ACEH,2026-01-13,
NAGAN RAYA,2026-01-13,0.6254205607476635
ACEH TAMIANG,2026-01-13,
BENER MERIAH,2026-01-13,
ACEH JAYA,2026-01-13,
ACEH UTARA,2026-01-13,
BIREUEN,2026-01-13,
GAYO LUES,2026-01-13,
ACEH BARAT DAYA,2026-01-13,
ACEH BESAR,2026-01-13,
ACEH BARAT,2026-01-13,0.7774412813782893
PIDIE,2026-01-13,
ACEH TENGGARA,2026-01-13,
ACEH SELATAN,2026-01-13,
ACEH TENGAH,2026-01-13,
ACEH TIMUR,2026-01-13,
ACEH SINGKIL,2026-01-13,
SIMEULUE,2026-01-13,
PIDIE JAYA,2026-01-13,
LANGSA,2026-01-13,
SABANG,2026-01-13,
SUBULUSSALAM,2026-01-13,
LHOKSEUMAWE,2026-01-13,
BANDA ACEH,2026-01-13,
NAGAN RAYA,2026-01-13,
ACEH TAMIANG,2026-01-13,
BENER MERIAH,2026-01-13,
ACEH JAYA,2026-01-13,
ACEH UTARA,2026-01-13,
BIREUEN,2026-01-13,
GAYO LUES,2026-01-13,
ACEH BARAT DAYA,2026-01-13,
ACEH BESAR,2026-01-13,
ACEH BARAT,2026-01-13,
PIDIE,2026-01-13,
ACEH TENGGARA,2026-01-13,
ACEH SELATAN,2026-01-13,0.8206896551724137
ACEH TENGAH,2026-01-13,
ACEH TIMUR,2026-01-13,
ACEH SINGKIL,2026-01-13,
SIMEULUE,2026-01-13,
PIDIE JAYA,2026-01-13,
LANGSA,2026-01-13,
SABANG,2026-01-13,
SUBULUSSALAM,2026-01-13,
LHOKSEUMAWE,2026-01-13,
BANDA ACEH,2026-01-13,
NAGAN RAYA,2026-01-13,0.7737355811889973
ACEH TAMIANG,2026-01-13,
BENER MERIAH,2026-01-13,
ACEH JAYA,2026-01-13,
ACEH UTARA,2026-01-13,
BIREUEN,2026-01-13,
GAYO LUES,2026-01-13,
ACEH BARAT DAYA,2026-01-13,0.8532313764183522
ACEH BESAR,2026-01-13,
ACEH BARAT,2026-01-13,
PIDIE,2026-01-13,
ACEH TENGGARA,2026-01-13,
ACEH SELATAN,2026-01-13,
ACEH TENGAH,2026-01-13,
ACEH TIMUR,2026-01-13,
ACEH SINGKIL,2026-01-13,
SIMEULUE,2026-01-13,
PIDIE JAYA,2026-01-13,
LANGSA,2026-01-13,
SABANG,2026-01-13,
SUBULUSSALAM,2026-01-13,
LHOKSEUMAWE,2026-01-13,
BANDA ACEH,2026-01-13,
NAGAN RAYA,2026-01-13,
ACEH TAMIANG,2026-01-13,
BENER MERIAH,2026-01-13,
ACEH JAYA,2026-01-13,
ACEH UTARA,2026-01-13,
BIREUEN,2026-01-13,
GAYO LUES,2026-01-13,
ACEH BARAT DAYA,2026-01-13,
ACEH BESAR,2026-01-13,
ACEH BARAT,2026-01-13,
PIDIE,2026-01-13,
ACEH TENGGARA,2026-01-13,
ACEH SELATAN,2026-01-13,0.5185185185185185
ACEH TENGAH,2026-01-13,
ACEH TIMUR,2026-01-13,
ACEH SINGKIL,2026-01-13,
SIMEULUE,2026-01-13,
PIDIE JAYA,2026-01-13,
LANGSA,2026-01-13,
SABANG,2026-01-13,
SUBULUSSALAM,2026-01-13,
LHOKSEUMAWE,2026-01-13,
BANDA ACEH,2026-01-13,
NAGAN RAYA,2026-01-13,
ACEH TAMIANG,2026-01-13,
BENER MERIAH,2026-01-13,
ACEH JAYA,2026-01-13,
ACEH UTARA,2026-01-13,
BIREUEN,2026-01-13,
GAYO LUES,2026-01-13,
ACEH BARAT DAYA,2026-01-13,
ACEH BESAR,2026-01-13,
ACEH BARAT,2026-01-13,
PIDIE,2026-01-13,
ACEH TENGGARA,2026-01-13,
ACEH SELATAN,2026-01-13,
ACEH TENGAH,2026-01-13,
ACEH TIMUR,2026-01-13,
ACEH SINGKIL,2026-01-13,
SIMEULUE,2026-01-13,
PIDIE JAYA,2026-01-13,
LANGSA,2026-01-13,
SABANG,2026-01-13,
SUBULUSSALAM,2026-01-13,
LHOKSEUMAWE,2026-01-13,
BANDA ACEH,2026-01-13,
NAGAN RAYA,2026-01-13,
ACEH TAMIANG,2026-01-13,
BENER MERIAH,2026-01-13,
ACEH JAYA,2026-01-13,
ACEH UTARA,2026-01-13,0.6535862422519456
BIREUEN,2026-01-13,
GAYO LUES,2026-01-13,
ACEH BARAT DAYA,2026-01-13,
ACEH BESAR,2026-01-13,
ACEH BARAT,2026-01-13,
PIDIE,2026-01-13,
ACEH TENGGARA,2026-01-13,
ACEH SELATAN,2026-01-13,
ACEH TENGAH,2026-01-13,
ACEH TIMUR,2026-01-13,0.8038854463238988
ACEH SINGKIL,2026-01-13,
SIMEULUE,2026-01-13,
PIDIE JAYA,2026-01-23,
LANGSA,2026-01-23,
SABANG,2026-01-23,
SUBULUSSALAM,2026-01-23,
LHOKSEUMAWE,2026-01-23,
BANDA ACEH,2026-01-23,0.890963511972634
NAGAN RAYA,2026-01-23,
ACEH TAMIANG,2026-01-23,
BENER MERIAH,2026-01-23,
ACEH JAYA,2026-01-23,
ACEH UTARA,2026-01-23,
BIREUEN,2026-01-23,
GAYO LUES,2026-01-23,
ACEH BARAT DAYA,2026-01-23,
ACEH BESAR,2026-01-23,0.9333333333333333
ACEH BARAT,2026-01-23,
PIDIE,2026-01-23,
ACEH TENGGARA,2026-01-23,
ACEH SELATAN,2026-01-23,
ACEH TENGAH,2026-01-23,
ACEH TIMUR,2026-01-23,
ACEH SINGKIL,2026-01-23,
SIMEULUE,2026-01-23,
PIDIE JAYA,2026-01-25,
LANGSA,2026-01-25,
SABANG,2026-01-25,
SUBULUSSALAM,2026-01-25,0.785172704296546
LHOKSEUMAWE,2026-01-25,
BANDA ACEH,2026-01-25,
NAGAN RAYA,2026-01-25,
ACEH TAMIANG,2026-01-25,
BENER MERIAH,2026-01-25,
ACEH JAYA,2026-01-25,
ACEH UTARA,2026-01-25,
BIREUEN,2026-01-25,
GAYO LUES,2026-01-25,
ACEH BARAT DAYA,2026-01-25,
ACEH BESAR,2026-01-25,
ACEH BARAT,2026-01-25,
PIDIE,2026-01-25,
ACEH TENGGARA,2026-01-25,
ACEH SELATAN,2026-01-25,
ACEH TENGAH,2026-01-25,
ACEH TIMUR,2026-01-25,
ACEH SINGKIL,2026-01-25,0.6437966392870564
SIMEULUE,2026-01-25,
PIDIE JAYA,2026-01-25,
LANGSA,2026-01-25,
SABANG,2026-01-25,
SUBULUSSALAM,2026-01-25,
LHOKSEUMAWE,2026-01-25,
BANDA ACEH,2026-01-25,
NAGAN RAYA,2026-01-25,
ACEH TAMIANG,2026-01-25,
BENER MERIAH,2026-01-25,
ACEH JAYA,2026-01-25,
ACEH UTARA,2026-01-25,
BIREUEN,2026-01-25,
GAYO LUES,2026-01-25,
ACEH BARAT DAYA,2026-01-25,
ACEH BESAR,2026-01-25,
ACEH BARAT,2026-01-25,
PIDIE,2026-01-25,
ACEH TENGGARA,2026-01-25,0.8107449475497541
ACEH SELATAN,2026-01-25,0.8544303797468356
ACEH TENGAH,2026-01-25,
ACEH TIMUR,2026-01-25,
ACEH SINGKIL,2026-01-25,
SIMEULUE,2026-01-25,
PIDIE JAYA,2026-01-25,
LANGSA,2026-01-25,
SABANG,2026-01-25,
SUBULUSSALAM,2026-01-25,
LHOKSEUMAWE,2026-01-25,
BANDA ACEH,2026-01-25,
NAGAN RAYA,2026-01-25,
ACEH TAMIANG,2026-01-25,0.782716750692324
BENER MERIAH,2026-01-25,
ACEH JAYA,2026-01-25,
ACEH UTARA,2026-01-25,
BIREUEN,2026-01-25,
GAYO LUES,2026-01-25,
ACEH BARAT DAYA,2026-01-25,
ACEH BESAR,2026-01-25,
ACEH BARAT,2026-01-25,
PIDIE,2026-01-25,
ACEH TENGGARA,2026-01-25,
ACEH SELATAN,2026-01-25,
ACEH TENGAH,2026-01-25,
ACEH TIMUR,2026-01-25,
ACEH SINGKIL,2026-01-25,
SIMEULUE,2026-01-25,
PIDIE JAYA,2026-01-25,
LANGSA,2026-01-25,
SABANG,2026-01-25,
SUBULUSSALAM,2026-01-25,0.785172704296546
LHOKSEUMAWE,2026-01-25,
BANDA ACEH,2026-01-25,
NAGAN RAYA,2026-01-25,
ACEH TAMIANG,2026-01-25,
BENER MERIAH,2026-01-25,
ACEH JAYA,2026-01-25,
ACEH UTARA,2026-01-25,
BIREUEN,2026-01-25,
GAYO LUES,2026-01-25,
ACEH BARAT DAYA,2026-01-25,
ACEH BESAR,2026-01-25,
ACEH BARAT,2026-01-25,
PIDIE,2026-01-25,
ACEH TENGGARA,2026-01-25,
ACEH SELATAN,2026-01-25,
ACEH TENGAH,2026-01-25,
ACEH TIMUR,2026-01-25,
ACEH SINGKIL,2026-01-25,
SIMEULUE,2026-01-25,
PIDIE JAYA,2026-01-25,
LANGSA,2026-01-25,
SABANG,2026-01-25,
SUBULUSSALAM,2026-01-25,
LHOKSEUMAWE,2026-01-25,
BANDA ACEH,2026-01-25,
NAGAN RAYA,2026-01-25,
ACEH TAMIANG,2026-01-25,
BENER MERIAH,2026-01-25,
ACEH JAYA,2026-01-25,
ACEH UTARA,2026-01-25,
BIREUEN,2026-01-25,
GAYO LUES,2026-01-25,
ACEH BARAT DAYA,2026-01-25,
ACEH BESAR,2026-01-25,
ACEH BARAT,2026-01-25,
PIDIE,2026-01-25,
ACEH TENGGARA,2026-01-25,
ACEH SELATAN,2026-01-25,
ACEH TENGAH,2026-01-25,
ACEH TIMUR,2026-01-25,
ACEH SINGKIL,2026-01-25,
SIMEULUE,2026-01-25,
PIDIE JAYA,2026-01-25,
LANGSA,2026-01-25,
SABANG,2026-01-25,
SUBULUSSALAM,2026-01-25,
LHOKSEUMAWE,2026-01-25,
BANDA ACEH,2026-01-25,
NAGAN RAYA,2026-01-25,
ACEH TAMIANG,2026-01-25,0.7554216677444284
BENER MERIAH,2026-01-25,
ACEH JAYA,2026-01-25,
ACEH UTARA,2026-01-25,
BIREUEN,2026-01-25,
GAYO LUES,2026-01-25,
ACEH BARAT DAYA,2026-01-25,
ACEH BESAR,2026-01-25,
ACEH BARAT,2026-01-25,
PIDIE,2026-01-25,
ACEH TENGGARA,2026-01-25,
ACEH SELATAN,2026-01-25,
ACEH TENGAH,2026-01-25,
ACEH TIMUR,2026-01-25,
ACEH SINGKIL,2026-01-25,
SIMEULUE,2026-01-25,
PIDIE JAYA,2026-01-26,
LANGSA,2026-01-26,
SABANG,2026-01-26,
SUBULUSSALAM,2026-01-26,
LHOKSEUMAWE,2026-01-26,
BANDA ACEH,2026-01-26,
NAGAN RAYA,2026-01-26,
ACEH TAMIANG,2026-01-26,
BENER MERIAH,2026-01-26,
ACEH JAYA,2026-01-26,0.0
ACEH UTARA,2026-01-26,
BIREUEN,2026-01-26,
GAYO LUES,2026-01-26,
ACEH BARAT DAYA,2026-01-26,
ACEH BESAR,2026-01-26,0.8580782622252247
ACEH BARAT,2026-01-26,
PIDIE,2026-01-26,
ACEH TENGGARA,2026-01-26,
ACEH SELATAN,2026-01-26,
ACEH TENGAH,2026-01-26,
ACEH TIMUR,2026-01-26,
ACEH SINGKIL,2026-01-26,
SIMEULUE,2026-01-26,
PIDIE JAYA,2026-01-26,
LANGSA,2026-01-26,
SABANG,2026-01-26,1.0
SUBULUSSALAM,2026-01-26,
LHOKSEUMAWE,2026-01-26,
BANDA ACEH,2026-01-26,
NAGAN RAYA,2026-01-26,
ACEH TAMIANG,2026-01-26,
BENER MERIAH,2026-01-26,
ACEH JAYA,2026-01-26,
ACEH UTARA,2026-01-26,
BIREUEN,2026-01-26,
GAYO LUES,2026-01-26,
ACEH BARAT DAYA,2026-01-26,
ACEH BESAR,2026-01-26,0.7385116391267639
ACEH BARAT,2026-01-26,
PIDIE,2026-01-26,
ACEH TENGGARA,2026-01-26,
ACEH SELATAN,2026-01-26,
ACEH TENGAH,2026-01-26,
ACEH TIMUR,2026-01-26,
ACEH SINGKIL,2026-01-26,
SIMEULUE,2026-01-26,
PIDIE JAYA,2026-01-28,
LANGSA,2026-01-28,
SABANG,2026-01-28,
SUBULUSSALAM,2026-01-28,
LHOKSEUMAWE,2026-01-28,
BANDA ACEH,2026-01-28,
NAGAN RAYA,2026-01-28,
ACEH TAMIANG,2026-01-28,
BENER MERIAH,2026-01-28,
ACEH JAYA,2026-01-28,
ACEH UTARA,2026-01-28,
BIREUEN,2026-01-28,
GAYO LUES,2026-01-28,
ACEH BARAT DAYA,2026-01-28,
ACEH BESAR,2026-01-28,
ACEH BARAT,2026-01-28,
PIDIE,2026-01-28,
ACEH TENGGARA,2026-01-28,
ACEH SELATAN,2026-01-28,
ACEH TENGAH,2026-01-28,
ACEH TIMUR,2026-01-28,
ACEH SINGKIL,2026-01-28,
SIMEULUE,2026-01-28,
PIDIE JAYA,2026-01-28,
LANGSA,2026-01-28,
SABANG,2026-01-28,
SUBULUSSALAM,2026-01-28,
LHOKSEUMAWE,2026-01-28,
BANDA ACEH,2026-01-28,
NAGAN RAYA,2026-01-28,
ACEH TAMIANG,2026-01-28,
BENER MERIAH,2026-01-28,
ACEH JAYA,2026-01-28,
ACEH UTARA,2026-01-28,
BIREUEN,2026-01-28,
GAYO LUES,2026-01-28,
ACEH BARAT DAYA,2026-01-28,
ACEH BESAR,2026-01-28,
ACEH BARAT,2026-01-28,
PIDIE,2026-01-28,0.43056576047024236
ACEH TENGGARA,2026-01-28,
ACEH SELATAN,2026-01-28,
ACEH TENGAH,2026-01-28,
ACEH TIMUR,2026-01-28,
ACEH SINGKIL,2026-01-28,
SIMEULUE,2026-01-28,
PIDIE JAYA,2026-01-28,0.8666666666666667
LANGSA,2026-01-28,
SABANG,2026-01-28,
SUBULUSSALAM,2026-01-28,
LHOKSEUMAWE,2026-01-28,0.4906027697099803
BANDA ACEH,2026-01-28,
NAGAN RAYA,2026-01-28,
ACEH TAMIANG,2026-01-28,
BENER MERIAH,2026-01-28,
ACEH JAYA,2026-01-28,
ACEH UTARA,2026-01-28,0.5808882103027084
BIREUEN,2026-01-28,0.5127308575037353
GAYO LUES,2026-01-28,
ACEH BARAT DAYA,2026-01-28,
ACEH BESAR,2026-01-28,
ACEH BARAT,2026-01-28,
PIDIE,2026-01-28,
ACEH TENGGARA,2026-01-28,
ACEH SELATAN,2026-01-28,
ACEH TENGAH,2026-01-28,
ACEH TIMUR,2026-01-28,
ACEH SINGKIL,2026-01-28,
SIMEULUE,2026-01-28,
PIDIE JAYA,2026-01-28,
LANGSA,2026-01-28,
SABANG,2026-01-28,
SUBULUSSALAM,2026-01-28,
LHOKSEUMAWE,2026-01-28,
BANDA ACEH,2026-01-28,
NAGAN RAYA,2026-01-28,
ACEH TAMIANG,2026-01-28,
BENER MERIAH,2026-01-28,
ACEH JAYA,2026-01-28,
ACEH UTARA,2026-01-28,0.6245348035837354
BIREUEN,2026-01-28,
GAYO LUES,2026-01-28,
ACEH BARAT DAYA,2026-01-28,
ACEH BESAR,2026-01-28,
ACEH BARAT,2026-01-28,
PIDIE,2026-01-28,
ACEH TENGGARA,2026-01-28,
ACEH SELATAN,2026-01-28,
ACEH TENGAH,2026-01-28,
ACEH TIMUR,2026-01-28,0.6
ACEH SINGKIL,2026-01-28,
SIMEULUE,2026-01-28,
PIDIE JAYA,2026-01-31,
LANGSA,2026-01-31,
SABANG,2026-01-31,
SUBULUSSALAM,2026-01-31,
LHOKSEUMAWE,2026-01-31,
BANDA ACEH,2026-01-31,
NAGAN RAYA,2026-01-31,
ACEH TAMIANG,2026-01-31,
BENER MERIAH,2026-01-31,
ACEH JAYA,2026-01-31,0.0
ACEH UTARA,2026-01-31,
BIREUEN,2026-01-31,
GAYO LUES,2026-01-31,
ACEH BARAT DAYA,2026-01-31,
ACEH BESAR,2026-01-31,0.8339826357969723
ACEH BARAT,2026-01-31,
PIDIE,2026-01-31,
ACEH TENGGARA,2026-01-31,
ACEH SELATAN,2026-01-31,
ACEH TENGAH,2026-01-31,
ACEH TIMUR,2026-01-31,
ACEH SINGKIL,2026-01-31,
SIMEULUE,2026-01-31,
PIDIE JAYA,2026-01-31,
LANGSA,2026-01-31,
SABANG,2026-01-31,0.8182545236429069
SUBULUSSALAM,2026-01-31,
LHOKSEUMAWE,2026-01-31,
BANDA ACEH,2026-01-31,0.9035040236729097
NAGAN RAYA,2026-01-31,
ACEH TAMIANG,2026-01-31,
BENER MERIAH,2026-01-31,
ACEH JAYA,2026-01-31,
ACEH UTARA,2026-01-31,
BIREUEN,2026-01-31,
GAYO LUES,2026-01-31,
ACEH BARAT DAYA,2026-01-31,
ACEH BESAR,2026-01-31,0.732985791029594
ACEH BARAT,2026-01-31,
PIDIE,2026-01-31,
ACEH TENGGARA,2026-01-31,
ACEH SELATAN,2026-01-31,
ACEH TENGAH,2026-01-31,
ACEH TIMUR,2026-01-31,
ACEH SINGKIL,2026-01-31,
SIMEULUE,2026-01-31,
PIDIE JAYA,2026-02-02,
LANGSA,2026-02-02,
SABANG,2026-02-02,
SUBULUSSALAM,2026-02-02,
LHOKSEUMAWE,2026-02-02,
BANDA ACEH,2026-02-02,
NAGAN RAYA,2026-02-02,
ACEH TAMIANG,2026-02-02,
BENER MERIAH,2026-02-02,
ACEH JAYA,2026-02-02,
ACEH UTARA,2026-02-02,
BIREUEN,2026-02-02,
GAYO LUES,2026-02-02,
ACEH BARAT DAYA,2026-02-02,
ACEH BESAR,2026-02-02,
ACEH BARAT,2026-02-02,
PIDIE,2026-02-02,
ACEH TENGGARA,2026-02-02,
ACEH SELATAN,2026-02-02,
ACEH TENGAH,2026-02-02,
ACEH TIMUR,2026-02-02,
ACEH SINGKIL,2026-02-02,
SIMEULUE,2026-02-02,
PIDIE JAYA,2026-02-02,
LANGSA,2026-02-02,
SABANG,2026-02-02,
SUBULUSSALAM,2026-02-02,
LHOKSEUMAWE,2026-02-02,
BANDA ACEH,2026-02-02,
NAGAN RAYA,2026-02-02,
ACEH TAMIANG,2026-02-02,
BENER MERIAH,2026-02-02,
ACEH JAYA,2026-02-02,0.75
ACEH UTARA,2026-02-02,
BIREUEN,2026-02-02,
GAYO LUES,2026-02-02,
ACEH BARAT DAYA,2026-02-02,
ACEH BESAR,2026-02-02,1.0
ACEH BARAT,2026-02-02,
PIDIE,2026-02-02,
ACEH TENGGARA,2026-02-02,
ACEH SELATAN,2026-02-02,
ACEH TENGAH,2026-02-02,
ACEH TIMUR,2026-02-02,
ACEH SINGKIL,2026-02-02,
SIMEULUE,2026-02-02,
PIDIE JAYA,2026-02-02,
LANGSA,2026-02-02,
SABANG,2026-02-02,
SUBULUSSALAM,2026-02-02,
LHOKSEUMAWE,2026-02-02,
BANDA ACEH,2026-02-02,0.8181818181818182
NAGAN RAYA,2026-02-02,
ACEH TAMIANG,2026-02-02,
BENER MERIAH,2026-02-02,
ACEH JAYA,2026-02-02,
ACEH UTARA,2026-02-02,
BIREUEN,2026-02-02,
GAYO LUES,2026-02-02,
ACEH BARAT DAYA,2026-02-02,
ACEH BESAR,2026-02-02,0.7
ACEH BARAT,2026-02-02,
PIDIE,2026-02-02,
ACEH TENGGARA,2026-02-02,
ACEH SELATAN,2026-02-02,
ACEH TENGAH,2026-02-02,
ACEH TIMUR,2026-02-02,
ACEH SINGKIL,2026-02-02,
SIMEULUE,2026-02-02,
PIDIE JAYA,2026-02-02,
LANGSA,2026-02-02,
SABANG,2026-02-02,
SUBULUSSALAM,2026-02-02,
LHOKSEUMAWE,2026-02-02,
BANDA ACEH,2026-02-02,
NAGAN RAYA,2026-02-02,
ACEH TAMIANG,2026-02-02,
BENER MERIAH,2026-02-02,
ACEH JAYA,2026-02-02,
ACEH UTARA,2026-02-02,
BIREUEN,2026-02-02,
GAYO LUES,2026-02-02,
ACEH BARAT DAYA,2026-02-02,
ACEH BESAR,2026-02-02,
ACEH BARAT,2026-02-02,0.7213071550928977
PIDIE,2026-02-02,
ACEH TENGGARA,2026-02-02,
ACEH SELATAN,2026-02-02,
ACEH TENGAH,2026-02-02,
ACEH TIMUR,2026-02-02,
ACEH SINGKIL,2026-02-02,
SIMEULUE,2026-02-02,
PIDIE JAYA,2026-02-02,
LANGSA,2026-02-02,
SABANG,2026-02-02,
SUBULUSSALAM,2026-02-02,
LHOKSEUMAWE,2026-02-02,
BANDA ACEH,2026-02-02,
NAGAN RAYA,2026-02-02,
ACEH TAMIANG,2026-02-02,
BENER MERIAH,2026-02-02,
ACEH JAYA,2026-02-02,
ACEH UTARA,2026-02-02,
BIREUEN,2026-02-02,
GAYO LUES,2026-02-02,
ACEH BARAT DAYA,2026-02-02,
ACEH BESAR,2026-02-02,
ACEH BARAT,2026-02-02,
PIDIE,2026-02-02,
ACEH TENGGARA,2026-02-02,
ACEH SELATAN,2026-02-02,
ACEH TENGAH,2026-02-02,
ACEH TIMUR,2026-02-02,
ACEH SINGKIL,2026-02-02,0.7113752122241087
SIMEULUE,2026-02-02,0.7448698587545528
PIDIE JAYA,2026-02-02,
LANGSA,2026-02-02,
SABANG,2026-02-02,
SUBULUSSALAM,2026-02-02,
LHOKSEUMAWE,2026-02-02,
BANDA ACEH,2026-02-02,
NAGAN RAYA,2026-02-02,
ACEH TAMIANG,2026-02-02,
BENER MERIAH,2026-02-02,
ACEH JAYA,2026-02-02,
ACEH UTARA,2026-02-02,
BIREUEN,2026-02-02,
GAYO LUES,2026-02-02,
ACEH BARAT DAYA,2026-02-02,
ACEH BESAR,2026-02-02,
ACEH BARAT,2026-02-02,
PIDIE,2026-02-02,
ACEH TENGGARA,2026-02-02,
ACEH SELATAN,2026-02-02,
ACEH TENGAH,2026-02-02,
ACEH TIMUR,2026-02-02,
ACEH SINGKIL,2026-02-02,0.7477744807121662
SIMEULUE,2026-02-02,
PIDIE JAYA,2026-02-02,
LANGSA,2026-02-02,
SABANG,2026-02-02,
SUBULUSSALAM,2026-02-02,
LHOKSEUMAWE,2026-02-02,
BANDA ACEH,2026-02-02,
NAGAN RAYA,2026-02-02,
ACEH TAMIANG,2026-02-02,
BENER MERIAH,2026-02-02,
ACEH JAYA,2026-02-02,
ACEH UTARA,2026-02-02,
BIREUEN,2026-02-02,
GAYO LUES,2026-02-02,
ACEH BARAT DAYA,2026-02-02,
ACEH BESAR,2026-02-02,
ACEH BARAT,2026-02-02,
PIDIE,2026-02-02,
ACEH TENGGARA,2026-02-02,
ACEH SELATAN,2026-02-02,0.8896103896103896
ACEH TENGAH,2026-02-02,
ACEH TIMUR,2026-02-02,
ACEH SINGKIL,2026-02-02,
SIMEULUE,2026-02-02,
PIDIE JAYA,2026-02-05,
LANGSA,2026-02-05,
SABANG,2026-02-05,
SUBULUSSALAM,2026-02-05,
LHOKSEUMAWE,2026-02-05,
BANDA ACEH,2026-02-05,
NAGAN RAYA,2026-02-05,
ACEH TAMIANG,2026-02-05,
BENER MERIAH,2026-02-05,
ACEH JAYA,2026-02-05,0.0
ACEH UTARA,2026-02-05,
BIREUEN,2026-02-05,
GAYO LUES,2026-02-05,
ACEH BARAT DAYA,2026-02-05,
ACEH BESAR,2026-02-05,0.857051333386722
ACEH BARAT,2026-02-05,
PIDIE,2026-02-05,
ACEH TENGGARA,2026-02-05,
ACEH SELATAN,2026-02-05,
ACEH TENGAH,2026-02-05,
ACEH TIMUR,2026-02-05,
ACEH SINGKIL,2026-02-05,
SIMEULUE,2026-02-05,
PIDIE JAYA,2026-02-05,
LANGSA,2026-02-05,
SABANG,2026-02-05,0.8123303223258799
SUBULUSSALAM,2026-02-05,
LHOKSEUMAWE,2026-02-05,
BANDA ACEH,2026-02-05,0.8423932384341637
NAGAN RAYA,2026-02-05,
ACEH TAMIANG,2026-02-05,
BENER MERIAH,2026-02-05,
ACEH JAYA,2026-02-05,
ACEH UTARA,2026-02-05,
BIREUEN,2026-02-05,
GAYO LUES,2026-02-05,
ACEH BARAT DAYA,2026-02-05,
ACEH BESAR,2026-02-05,0.6995116916114177
ACEH BARAT,2026-02-05,
PIDIE,2026-02-05,
ACEH TENGGARA,2026-02-05,
ACEH SELATAN,2026-02-05,
ACEH TENGAH,2026-02-05,
ACEH TIMUR,2026-02-05,
ACEH SINGKIL,2026-02-05,
SIMEULUE,2026-02-05,
PIDIE JAYA,2026-02-05,
LANGSA,2026-02-05,
SABANG,2026-02-05,
SUBULUSSALAM,2026-02-05,
LHOKSEUMAWE,2026-02-05,
BANDA ACEH,2026-02-05,
NAGAN RAYA,2026-02-05,
ACEH TAMIANG,2026-02-05,
BENER MERIAH,2026-02-05,
ACEH JAYA,2026-02-05,1.0
ACEH UTARA,2026-02-05,
BIREUEN,2026-02-05,
GAYO LUES,2026-02-05,
ACEH BARAT DAYA,2026-02-05,
ACEH BESAR,2026-02-05,0.9088634739099357
ACEH BARAT,2026-02-05,
PIDIE,2026-02-05,
ACEH TENGGARA,2026-02-05,
ACEH SELATAN,2026-02-05,
ACEH TENGAH,2026-02-05,
ACEH TIMUR,2026-02-05,
ACEH SINGKIL,2026-02-05,
SIMEULUE,2026-02-05,
PIDIE JAYA,2026-02-07,
LANGSA,2026-02-07,
SABANG,2026-02-07,
SUBULUSSALAM,2026-02-07,
LHOKSEUMAWE,2026-02-07,
BANDA ACEH,2026-02-07,
NAGAN RAYA,2026-02-07,
ACEH TAMIANG,2026-02-07,
BENER MERIAH,2026-02-07,
ACEH JAYA,2026-02-07,0.8888888888888888
ACEH UTARA,2026-02-07,
BIREUEN,2026-02-07,
GAYO LUES,2026-02-07,
ACEH BARAT DAYA,2026-02-07,
ACEH BESAR,2026-02-07,0.7686680889972569
ACEH BARAT,2026-02-07,
PIDIE,2026-02-07,
ACEH TENGGARA,2026-02-07,
ACEH SELATAN,2026-02-07,
ACEH TENGAH,2026-02-07,
ACEH TIMUR,2026-02-07,
ACEH SINGKIL,2026-02-07,
SIMEULUE,2026-02-07,
PIDIE JAYA,2026-02-07,
LANGSA,2026-02-07,
SABANG,2026-02-07,
SUBULUSSALAM,2026-02-07,
LHOKSEUMAWE,2026-02-07,
BANDA ACEH,2026-02-07,
NAGAN RAYA,2026-02-07,0.8160747663551402
ACEH TAMIANG,2026-02-07,
BENER MERIAH,2026-02-07,
ACEH JAYA,2026-02-07,
ACEH UTARA,2026-02-07,
BIREUEN,2026-02-07,
GAYO LUES,2026-02-07,
ACEH BARAT DAYA,2026-02-07,
ACEH BESAR,2026-02-07,
ACEH BARAT,2026-02-07,0.6495342759498761
PIDIE,2026-02-07,
ACEH TENGGARA,2026-02-07,
ACEH SELATAN,2026-02-07,
ACEH TENGAH,2026-02-07,
ACEH TIMUR,2026-02-07,
ACEH SINGKIL,2026-02-07,
SIMEULUE,2026-02-07,
PIDIE JAYA,2026-02-07,
LANGSA,2026-02-07,
SABANG,2026-02-07,
SUBULUSSALAM,2026-02-07,
LHOKSEUMAWE,2026-02-07,
BANDA ACEH,2026-02-07,
NAGAN RAYA,2026-02-07,
ACEH TAMIANG,2026-02-07,
BENER MERIAH,2026-02-07,
ACEH JAYA,2026-02-07,
ACEH UTARA,2026-02-07,
BIREUEN,2026-02-07,
GAYO LUES,2026-02-07,
ACEH BARAT DAYA,2026-02-07,
ACEH BESAR,2026-02-07,
ACEH BARAT,2026-02-07,
PIDIE,2026-02-07,
ACEH TENGGARA,2026-02-07,
ACEH SELATAN,2026-02-07,0.8735713029716898
ACEH TENGAH,2026-02-07,
ACEH TIMUR,2026-02-07,
ACEH SINGKIL,2026-02-07,
SIMEULUE,2026-02-07,
PIDIE JAYA,2026-02-07,
LANGSA,2026-02-07,
SABANG,2026-02-07,
SUBULUSSALAM,2026-02-07,
LHOKSEUMAWE,2026-02-07,
BANDA ACEH,2026-02-07,
NAGAN RAYA,2026-02-07,1.0
ACEH TAMIANG,2026-02-07,
BENER MERIAH,2026-02-07,
ACEH JAYA,2026-02-07,
ACEH UTARA,2026-02-07,
BIREUEN,2026-02-07,
GAYO LUES,2026-02-07,
ACEH BARAT DAYA,2026-02-07,0.8951652688702516
ACEH BESAR,2026-02-07,
ACEH BARAT,2026-02-07,
PIDIE,2026-02-07,
ACEH TENGGARA,2026-02-07,
ACEH SELATAN,2026-02-07,
ACEH TENGAH,2026-02-07,
ACEH TIMUR,2026-02-07,
ACEH SINGKIL,2026-02-07,
SIMEULUE,2026-02-07,
PIDIE JAYA,2026-02-07,
LANGSA,2026-02-07,
SABANG,2026-02-07,
SUBULUSSALAM,2026-02-07,
LHOKSEUMAWE,2026-02-07,
BANDA ACEH,2026-02-07,
NAGAN RAYA,2026-02-07,
ACEH TAMIANG,2026-02-07,
BENER MERIAH,2026-02-07,
ACEH JAYA,2026-02-07,
ACEH UTARA,2026-02-07,
BIREUEN,2026-02-07,
GAYO LUES,2026-02-07,
ACEH BARAT DAYA,2026-02-07,
ACEH BESAR,2026-02-07,
ACEH BARAT,2026-02-07,
PIDIE,2026-02-07,
ACEH TENGGARA,2026-02-07,
ACEH SELATAN,2026-02-07,0.7792207792207793
ACEH TENGAH,2026-02-07,
ACEH TIMUR,2026-02-07,
ACEH SINGKIL,2026-02-07,
SIMEULUE,2026-02-07,
PIDIE JAYA,2026-02-07,
LANGSA,2026-02-07,
SABANG,2026-02-07,
SUBULUSSALAM,2026-02-07,
LHOKSEUMAWE,2026-02-07,
BANDA ACEH,2026-02-07,
NAGAN RAYA,2026-02-07,
ACEH TAMIANG,2026-02-07,
BENER MERIAH,2026-02-07,
ACEH JAYA,2026-02-07,
ACEH UTARA,2026-02-07,
BIREUEN,2026-02-07,
GAYO LUES,2026-02-07,
ACEH BARAT DAYA,2026-02-07,
ACEH BESAR,2026-02-07,
ACEH BARAT,2026-02-07,
PIDIE,2026-02-07,
ACEH TENGGARA,2026-02-07,
ACEH SELATAN,2026-02-07,
ACEH TENGAH,2026-02-07,
ACEH TIMUR,2026-02-07,
ACEH SINGKIL,2026-02-07,
SIMEULUE,2026-02-07,
PIDIE JAYA,2026-02-10,
LANGSA,2026-02-10,
SABANG,2026-02-10,0.8612779408444344
SUBULUSSALAM,2026-02-10,
LHOKSEUMAWE,2026-02-10,
BANDA ACEH,2026-02-10,0.8161085682164941
NAGAN RAYA,2026-02-10,
ACEH TAMIANG,2026-02-10,
BENER MERIAH,2026-02-10,
ACEH JAYA,2026-02-10,
ACEH UTARA,2026-02-10,
BIREUEN,2026-02-10,
GAYO LUES,2026-02-10,
ACEH BARAT DAYA,2026-02-10,
ACEH BESAR,2026-02-10,0.7129761750335107
ACEH BARAT,2026-02-10,
PIDIE,2026-02-10,
ACEH TENGGARA,2026-02-10,
ACEH SELATAN,2026-02-10,
ACEH TENGAH,2026-02-10,
ACEH TIMUR,2026-02-10,
ACEH SINGKIL,2026-02-10,
SIMEULUE,2026-02-10,
PIDIE JAYA,2026-02-12,
LANGSA,2026-02-12,
SABANG,2026-02-12,
SUBULUSSALAM,2026-02-12,
LHOKSEUMAWE,2026-02-12,
BANDA ACEH,2026-02-12,
NAGAN RAYA,2026-02-12,
ACEH TAMIANG,2026-02-12,
BENER MERIAH,2026-02-12,
ACEH JAYA,2026-02-12,
ACEH UTARA,2026-02-12,
BIREUEN,2026-02-12,
GAYO LUES,2026-02-12,
ACEH BARAT DAYA,2026-02-12,
ACEH BESAR,2026-02-12,
ACEH BARAT,2026-02-12,
PIDIE,2026-02-12,
ACEH TENGGARA,2026-02-12,
ACEH SELATAN,2026-02-12,
ACEH TENGAH,2026-02-12,
ACEH TIMUR,2026-02-12,
ACEH SINGKIL,2026-02-12,
SIMEULUE,2026-02-12,0.8678524945770065
PIDIE JAYA,2026-02-12,
LANGSA,2026-02-12,
SABANG,2026-02-12,
SUBULUSSALAM,2026-02-12,
LHOKSEUMAWE,2026-02-12,
BANDA ACEH,2026-02-12,
NAGAN RAYA,2026-02-12,
ACEH TAMIANG,2026-02-12,
BENER MERIAH,2026-02-12,
ACEH JAYA,2026-02-12,
ACEH UTARA,2026-02-12,
BIREUEN,2026-02-12,
GAYO LUES,2026-02-12,
ACEH BARAT DAYA,2026-02-12,
ACEH BESAR,2026-02-12,
ACEH BARAT,2026-02-12,
PIDIE,2026-02-12,
ACEH TENGGARA,2026-02-12,
ACEH SELATAN,2026-02-12,
ACEH TENGAH,2026-02-12,
ACEH TIMUR,2026-02-12,
ACEH SINGKIL,2026-02-12,
SIMEULUE,2026-02-12,0.7877228568378348
PIDIE JAYA,2026-02-12,
LANGSA,2026-02-12,
SABANG,2026-02-12,
SUBULUSSALAM,2026-02-12,
LHOKSEUMAWE,2026-02-12,
BANDA ACEH,2026-02-12,
NAGAN RAYA,2026-02-12,
ACEH TAMIANG,2026-02-12,
BENER MERIAH,2026-02-12,
ACEH JAYA,2026-02-12,
ACEH UTARA,2026-02-12,
BIREUEN,2026-02-12,
GAYO LUES,2026-02-12,
ACEH BARAT DAYA,2026-02-12,
ACEH BESAR,2026-02-12,
ACEH BARAT,2026-02-12,
PIDIE,2026-02-12,
ACEH TENGGARA,2026-02-12,
ACEH SELATAN,2026-02-12,0.6745920535189622
ACEH TENGAH,2026-02-12,
ACEH TIMUR,2026-02-12,
ACEH SINGKIL,2026-02-12,
SIMEULUE,2026-02-12,
PIDIE JAYA,2026-02-12,
LANGSA,2026-02-12,
SABANG,2026-02-12,
SUBULUSSALAM,2026-02-12,
LHOKSEUMAWE,2026-02-12,
BANDA ACEH,2026-02-12,
NAGAN RAYA,2026-02-12,0.8724362181090546
ACEH TAMIANG,2026-02-12,
BENER MERIAH,2026-02-12,
ACEH JAYA,2026-02-12,
ACEH UTARA,2026-02-12,
BIREUEN,2026-02-12,
GAYO LUES,2026-02-12,
ACEH BARAT DAYA,2026-02-12,0.8219688154526413
ACEH BESAR,2026-02-12,
ACEH BARAT,2026-02-12,
PIDIE,2026-02-12,
ACEH TENGGARA,2026-02-12,
ACEH SELATAN,2026-02-12,
ACEH TENGAH,2026-02-12,
ACEH TIMUR,2026-02-12,
ACEH SINGKIL,2026-02-12,
SIMEULUE,2026-02-12,
PIDIE JAYA,2026-02-22,
LANGSA,2026-02-22,
SABANG,2026-02-22,0.7801535087719298
SUBULUSSALAM,2026-02-22,
LHOKSEUMAWE,2026-02-22,
BANDA ACEH,2026-02-22,0.9646137982752155
NAGAN RAYA,2026-02-22,
ACEH TAMIANG,2026-02-22,
BENER MERIAH,2026-02-22,
ACEH JAYA,2026-02-22,
ACEH UTARA,2026-02-22,
BIREUEN,2026-02-22,
GAYO LUES,2026-02-22,
ACEH BARAT DAYA,2026-02-22,
ACEH BESAR,2026-02-22,0.8659922485712409
ACEH BARAT,2026-02-22,
PIDIE,2026-02-22,
ACEH TENGGARA,2026-02-22,
ACEH SELATAN,2026-02-22,
ACEH TENGAH,2026-02-22,
ACEH TIMUR,2026-02-22,
ACEH SINGKIL,2026-02-22,
SIMEULUE,2026-02-22,
PIDIE JAYA,2026-02-22,
LANGSA,2026-02-22,
SABANG,2026-02-22,
SUBULUSSALAM,2026-02-22,
LHOKSEUMAWE,2026-02-22,
BANDA ACEH,2026-02-22,
NAGAN RAYA,2026-02-22,
ACEH TAMIANG,2026-02-22,
BENER MERIAH,2026-02-22,
ACEH JAYA,2026-02-22,
ACEH UTARA,2026-02-22,
BIREUEN,2026-02-22,
GAYO LUES,2026-02-22,
ACEH BARAT DAYA,2026-02-22,
ACEH BESAR,2026-02-22,
ACEH BARAT,2026-02-22,
PIDIE,2026-02-22,
ACEH TENGGARA,2026-02-22,
ACEH SELATAN,2026-02-22,
ACEH TENGAH,2026-02-22,
ACEH TIMUR,2026-02-22,
ACEH SINGKIL,2026-02-22,
SIMEULUE,2026-02-22,0.8727701993704092
PIDIE JAYA,2026-02-22,
LANGSA,2026-02-22,
SABANG,2026-02-22,
SUBULUSSALAM,2026-02-22,
LHOKSEUMAWE,2026-02-22,
BANDA ACEH,2026-02-22,
NAGAN RAYA,2026-02-22,
ACEH TAMIANG,2026-02-22,
BENER MERIAH,2026-02-22,
ACEH JAYA,2026-02-22,
ACEH UTARA,2026-02-22,
BIREUEN,2026-02-22,
GAYO LUES,2026-02-22,
ACEH BARAT DAYA,2026-02-22,
ACEH BESAR,2026-02-22,
ACEH BARAT,2026-02-22,
PIDIE,2026-02-22,
ACEH TENGGARA,2026-02-22,
ACEH SELATAN,2026-02-22,
ACEH TENGAH,2026-02-22,
ACEH TIMUR,2026-02-22,
ACEH SINGKIL,2026-02-22,
SIMEULUE,2026-02-22,0.6779661016949152
PIDIE JAYA,2026-02-22,
LANGSA,2026-02-22,
SABANG,2026-02-22,
SUBULUSSALAM,2026-02-22,
LHOKSEUMAWE,2026-02-22,
BANDA ACEH,2026-02-22,
NAGAN RAYA,2026-02-22,0.8160747663551402
ACEH TAMIANG,2026-02-22,
BENER MERIAH,2026-02-22,
ACEH JAYA,2026-02-22,
ACEH UTARA,2026-02-22,
BIREUEN,2026-02-22,
GAYO LUES,2026-02-22,
ACEH BARAT DAYA,2026-02-22,
ACEH BESAR,2026-02-22,
ACEH BARAT,2026-02-22,0.7023982079325339
PIDIE,2026-02-22,
ACEH TENGGARA,2026-02-22,
ACEH SELATAN,2026-02-22,
ACEH TENGAH,2026-02-22,
ACEH TIMUR,2026-02-22,
ACEH SINGKIL,2026-02-22,
SIMEULUE,2026-02-22,
PIDIE JAYA,2026-02-22,0.7900864349973541
LANGSA,2026-02-22,
SABANG,2026-02-22,
SUBULUSSALAM,2026-02-22,
LHOKSEUMAWE,2026-02-22,
BANDA ACEH,2026-02-22,
NAGAN RAYA,2026-02-22,
ACEH TAMIANG,2026-02-22,
BENER MERIAH,2026-02-22,
ACEH JAYA,2026-02-22,
ACEH UTARA,2026-02-22,
BIREUEN,2026-02-22,0.5977605512489234
GAYO LUES,2026-02-22,
ACEH BARAT DAYA,2026-02-22,
ACEH BESAR,2026-02-22,
ACEH BARAT,2026-02-22,
PIDIE,2026-02-22,0.47135371681925486
ACEH TENGGARA,2026-02-22,
ACEH SELATAN,2026-02-22,
ACEH TENGAH,2026-02-22,
ACEH TIMUR,2026-02-22,
ACEH SINGKIL,2026-02-22,
SIMEULUE,2026-02-22,
PIDIE JAYA,2026-02-22,
LANGSA,2026-02-22,
SABANG,2026-02-22,
SUBULUSSALAM,2026-02-22,
LHOKSEUMAWE,2026-02-22,
BANDA ACEH,2026-02-22,
NAGAN RAYA,2026-02-22,
ACEH TAMIANG,2026-02-22,
BENER MERIAH,2026-02-22,
ACEH JAYA,2026-02-22,
ACEH UTARA,2026-02-22,
BIREUEN,2026-02-22,
GAYO LUES,2026-02-22,
ACEH BARAT DAYA,2026-02-22,
ACEH BESAR,2026-02-22,
ACEH BARAT,2026-02-22,
PIDIE,2026-02-22,0.30418809698750915
ACEH TENGGARA,2026-02-22,
ACEH SELATAN,2026-02-22,
ACEH TENGAH,2026-02-22,
ACEH TIMUR,2026-02-22,
ACEH SINGKIL,2026-02-22,
SIMEULUE,2026-02-22,
PIDIE JAYA,2026-02-22,
LANGSA,2026-02-22,
SABANG,2026-02-22,
SUBULUSSALAM,2026-02-22,
LHOKSEUMAWE,2026-02-22,
BANDA ACEH,2026-02-22,
NAGAN RAYA,2026-02-22,
ACEH TAMIANG,2026-02-22,
BENER MERIAH,2026-02-22,
ACEH JAYA,2026-02-22,
ACEH UTARA,2026-02-22,
BIREUEN,2026-02-22,
GAYO LUES,2026-02-22,
ACEH BARAT DAYA,2026-02-22,
ACEH BESAR,2026-02-22,
ACEH BARAT,2026-02-22,
PIDIE,2026-02-22,
ACEH TENGGARA,2026-02-22,
ACEH SELATAN,2026-02-22,
ACEH TENGAH,2026-02-22,
ACEH TIMUR,2026-02-22,
ACEH SINGKIL,2026-02-22,0.8855475763016157
SIMEULUE,2026-02-22,0.8059661090357858
PIDIE JAYA,2026-02-22,
LANGSA,2026-02-22,
SABANG,2026-02-22,
SUBULUSSALAM,2026-02-22,
LHOKSEUMAWE,2026-02-22,
BANDA ACEH,2026-02-22,
NAGAN RAYA,2026-02-22,
ACEH TAMIANG,2026-02-22,
BENER MERIAH,2026-02-22,
ACEH JAYA,2026-02-22,
ACEH UTARA,2026-02-22,
BIREUEN,2026-02-22,
GAYO LUES,2026-02-22,
ACEH BARAT DAYA,2026-02-22,
ACEH BESAR,2026-02-22,
ACEH BARAT,2026-02-22,
PIDIE,2026-02-22,
ACEH TENGGARA,2026-02-22,
ACEH SELATAN,2026-02-22,0.7633922125427155
ACEH TENGAH,2026-02-22,
ACEH TIMUR,2026-02-22,
ACEH SINGKIL,2026-02-22,
SIMEULUE,2026-02-22,
PIDIE JAYA,2026-02-22,
LANGSA,2026-02-22,
SABANG,2026-02-22,
SUBULUSSALAM,2026-02-22,
LHOKSEUMAWE,2026-02-22,
BANDA ACEH,2026-02-22,
NAGAN RAYA,2026-02-22,1.0
ACEH TAMIANG,2026-02-22,
BENER MERIAH,2026-02-22,
ACEH JAYA,2026-02-22,
ACEH UTARA,2026-02-22,
BIREUEN,2026-02-22,
GAYO LUES,2026-02-22,
ACEH BARAT DAYA,2026-02-22,0.8954489544895449
ACEH BESAR,2026-02-22,
ACEH BARAT,2026-02-22,
PIDIE,2026-02-22,
ACEH TENGGARA,2026-02-22,
ACEH SELATAN,2026-02-22,
ACEH TENGAH,2026-02-22,
ACEH TIMUR,2026-02-22,
ACEH SINGKIL,2026-02-22,
SIMEULUE,2026-02-22,
PIDIE JAYA,2026-02-22,1.0
LANGSA,2026-02-22,
SABANG,2026-02-22,
SUBULUSSALAM,2026-02-22,
LHOKSEUMAWE,2026-02-22,0.4905714376570103
BANDA ACEH,2026-02-22,
NAGAN RAYA,2026-02-22,
ACEH TAMIANG,2026-02-22,
BENER MERIAH,2026-02-22,
ACEH JAYA,2026-02-22,
ACEH UTARA,2026-02-22,0.6403988991803036
BIREUEN,2026-02-22,0.5600961168189029
GAYO LUES,2026-02-22,
ACEH BARAT DAYA,2026-02-22,
ACEH BESAR,2026-02-22,
ACEH BARAT,2026-02-22,
PIDIE,2026-02-22,
ACEH TENGGARA,2026-02-22,
ACEH SELATAN,2026-02-22,
ACEH TENGAH,2026-02-22,
ACEH TIMUR,2026-02-22,
ACEH SINGKIL,2026-02-22,
SIMEULUE,2026-02-22,
PIDIE JAYA,2026-02-22,
LANGSA,2026-02-22,
SABANG,2026-02-22,
SUBULUSSALAM,2026-02-22,
LHOKSEUMAWE,2026-02-22,
BANDA ACEH,2026-02-22,
NAGAN RAYA,2026-02-22,
ACEH TAMIANG,2026-02-22,
BENER MERIAH,2026-02-22,
ACEH JAYA,2026-02-22,
ACEH UTARA,2026-02-22,
BIREUEN,2026-02-22,
GAYO LUES,2026-02-22,
ACEH BARAT DAYA,2026-02-22,
ACEH BESAR,2026-02-22,
ACEH BARAT,2026-02-22,
PIDIE,2026-02-22,
ACEH TENGGARA,2026-02-22,
ACEH SELATAN,2026-02-22,0.9018759018759018
ACEH TENGAH,2026-02-22,
ACEH TIMUR,2026-02-22,
ACEH SINGKIL,2026-02-22,
SIMEULUE,2026-02-22,
PIDIE JAYA,2026-02-22,
LANGSA,2026-02-22,
SABANG,2026-02-22,
SUBULUSSALAM,2026-02-22,
LHOKSEUMAWE,2026-02-22,
BANDA ACEH,2026-02-22,
NAGAN RAYA,2026-02-22,
ACEH TAMIANG,2026-02-22,
BENER MERIAH,2026-02-22,
ACEH JAYA,2026-02-22,
ACEH UTARA,2026-02-22,
BIREUEN,2026-02-22,
GAYO LUES,2026-02-22,
ACEH BARAT DAYA,2026-02-22,
ACEH BESAR,2026-02-22,
ACEH BARAT,2026-02-22,
PIDIE,2026-02-22,
ACEH TENGGARA,2026-02-22,
ACEH SELATAN,2026-02-22,
ACEH TENGAH,2026-02-22,
ACEH TIMUR,2026-02-22,
ACEH SINGKIL,2026-02-22,
SIMEULUE,2026-02-22,
PIDIE JAYA,2026-02-22,
LANGSA,2026-02-22,
SABANG,2026-02-22,
SUBULUSSALAM,2026-02-22,
LHOKSEUMAWE,2026-02-22,
BANDA ACEH,2026-02-22,
NAGAN RAYA,2026-02-22,
ACEH TAMIANG,2026-02-22,
BENER MERIAH,2026-02-22,
ACEH JAYA,2026-02-22,
ACEH UTARA,2026-02-22,0.6181261812618125
BIREUEN,2026-02-22,
GAYO LUES,2026-02-22,
ACEH BARAT DAYA,2026-02-22,
ACEH BESAR,2026-02-22,
ACEH BARAT,2026-02-22,
PIDIE,2026-02-22,
ACEH TENGGARA,2026-02-22,
ACEH SELATAN,2026-02-22,
ACEH TENGAH,2026-02-22,
ACEH TIMUR,2026-02-22,0.7864679283202143
ACEH SINGKIL,2026-02-22,
SIMEULUE,2026-02-22,
PIDIE JAYA,2026-02-27,
LANGSA,2026-02-27,
SABANG,2026-02-27,0.5004621072088724
SUBULUSSALAM,2026-02-27,
LHOKSEUMAWE,2026-02-27,
BANDA ACEH,2026-02-27,
NAGAN RAYA,2026-02-27,
ACEH TAMIANG,2026-02-27,
BENER MERIAH,2026-02-27,
ACEH JAYA,2026-02-27,
ACEH UTARA,2026-02-27,
BIREUEN,2026-02-27,
GAYO LUES,2026-02-27,
ACEH BARAT DAYA,2026-02-27,
ACEH BESAR,2026-02-27,0.6086956521739131
ACEH BARAT,2026-02-27,
PIDIE,2026-02-27,
ACEH TENGGARA,2026-02-27,
ACEH SELATAN,2026-02-27,
ACEH TENGAH,2026-02-27,
ACEH TIMUR,2026-02-27,
ACEH SINGKIL,2026-02-27,
SIMEULUE,2026-02-27,
PIDIE JAYA,2026-03-01,
LANGSA,2026-03-01,
SABANG,2026-03-01,
SUBULUSSALAM,2026-03-01,
LHOKSEUMAWE,2026-03-01,
BANDA ACEH,2026-03-01,
NAGAN RAYA,2026-03-01,
ACEH TAMIANG,2026-03-01,
BENER MERIAH,2026-03-01,
ACEH JAYA,2026-03-01,
ACEH UTARA,2026-03-01,
BIREUEN,2026-03-01,
GAYO LUES,2026-03-01,
ACEH BARAT DAYA,2026-03-01,
ACEH BESAR,2026-03-01,
ACEH BARAT,2026-03-01,
PIDIE,2026-03-01,
ACEH TENGGARA,2026-03-01,
ACEH SELATAN,2026-03-01,
ACEH TENGAH,2026-03-01,
ACEH TIMUR,2026-03-01,
ACEH SINGKIL,2026-03-01,
SIMEULUE,2026-03-01,
PIDIE JAYA,2026-03-01,
LANGSA,2026-03-01,
SABANG,2026-03-01,
SUBULUSSALAM,2026-03-01,1.0
LHOKSEUMAWE,2026-03-01,
BANDA ACEH,2026-03-01,
NAGAN RAYA,2026-03-01,
ACEH TAMIANG,2026-03-01,
BENER MERIAH,2026-03-01,
ACEH JAYA,2026-03-01,
ACEH UTARA,2026-03-01,
BIREUEN,2026-03-01,
GAYO LUES,2026-03-01,
ACEH BARAT DAYA,2026-03-01,
ACEH BESAR,2026-03-01,
ACEH BARAT,2026-03-01,
PIDIE,2026-03-01,
ACEH TENGGARA,2026-03-01,0.7038922287068324
ACEH SELATAN,2026-03-01,0.8892405063291139
ACEH TENGAH,2026-03-01,
ACEH TIMUR,2026-03-01,
ACEH SINGKIL,2026-03-01,
SIMEULUE,2026-03-01,
PIDIE JAYA,2026-03-01,
LANGSA,2026-03-01,1.0
SABANG,2026-03-01,
SUBULUSSALAM,2026-03-01,
LHOKSEUMAWE,2026-03-01,
BANDA ACEH,2026-03-01,
NAGAN RAYA,2026-03-01,
ACEH TAMIANG,2026-03-01,
BENER MERIAH,2026-03-01,
ACEH JAYA,2026-03-01,
ACEH UTARA,2026-03-01,
BIREUEN,2026-03-01,
GAYO LUES,2026-03-01,
ACEH BARAT DAYA,2026-03-01,
ACEH BESAR,2026-03-01,
ACEH BARAT,2026-03-01,
PIDIE,2026-03-01,
ACEH TENGGARA,2026-03-01,
ACEH SELATAN,2026-03-01,
ACEH TENGAH,2026-03-01,
ACEH TIMUR,2026-03-01,0.8379471890971039
ACEH SINGKIL,2026-03-01,
SIMEULUE,2026-03-01,
PIDIE JAYA,2026-03-01,
LANGSA,2026-03-01,
SABANG,2026-03-01,
SUBULUSSALAM,2026-03-01,0.9743924482827877
LHOKSEUMAWE,2026-03-01,
BANDA ACEH,2026-03-01,
NAGAN RAYA,2026-03-01,
ACEH TAMIANG,2026-03-01,
BENER MERIAH,2026-03-01,
ACEH JAYA,2026-03-01,
ACEH UTARA,2026-03-01,
BIREUEN,2026-03-01,
GAYO LUES,2026-03-01,
ACEH BARAT DAYA,2026-03-01,
ACEH BESAR,2026-03-01,
ACEH BARAT,2026-03-01,
PIDIE,2026-03-01,
ACEH TENGGARA,2026-03-01,
ACEH SELATAN,2026-03-01,
ACEH TENGAH,2026-03-01,
ACEH TIMUR,2026-03-01,
ACEH SINGKIL,2026-03-01,0.844354018311292
SIMEULUE,2026-03-01,
PIDIE JAYA,2026-03-01,
LANGSA,2026-03-01,
SABANG,2026-03-01,
SUBULUSSALAM,2026-03-01,
LHOKSEUMAWE,2026-03-01,
BANDA ACEH,2026-03-01,
NAGAN RAYA,2026-03-01,
ACEH TAMIANG,2026-03-01,0.0
BENER MERIAH,2026-03-01,
ACEH JAYA,2026-03-01,
ACEH UTARA,2026-03-01,
BIREUEN,2026-03-01,
GAYO LUES,2026-03-01,
ACEH BARAT DAYA,2026-03-01,
ACEH BESAR,2026-03-01,
ACEH BARAT,2026-03-01,
PIDIE,2026-03-01,
ACEH TENGGARA,2026-03-01,
ACEH SELATAN,2026-03-01,
ACEH TENGAH,2026-03-01,
ACEH TIMUR,2026-03-01,
ACEH SINGKIL,2026-03-01,
SIMEULUE,2026-03-01,
PIDIE JAYA,2026-03-06,
LANGSA,2026-03-06,
SABANG,2026-03-06,
SUBULUSSALAM,2026-03-06,
LHOKSEUMAWE,2026-03-06,
BANDA ACEH,2026-03-06,
NAGAN RAYA,2026-03-06,
ACEH TAMIANG,2026-03-06,0.5570506534084431
BENER MERIAH,2026-03-06,
ACEH JAYA,2026-03-06,
ACEH UTARA,2026-03-06,
BIREUEN,2026-03-06,
GAYO LUES,2026-03-06,
ACEH BARAT DAYA,2026-03-06,
ACEH BESAR,2026-03-06,
ACEH BARAT,2026-03-06,
PIDIE,2026-03-06,
ACEH TENGGARA,2026-03-06,
ACEH SELATAN,2026-03-06,
ACEH TENGAH,2026-03-06,
ACEH TIMUR,2026-03-06,
ACEH SINGKIL,2026-03-06,
SIMEULUE,2026-03-06,
PIDIE JAYA,2026-03-07,
LANGSA,2026-03-07,
SABANG,2026-03-07,
SUBULUSSALAM,2026-03-07,
LHOKSEUMAWE,2026-03-07,
BANDA ACEH,2026-03-07,
NAGAN RAYA,2026-03-07,
ACEH TAMIANG,2026-03-07,
BENER MERIAH,2026-03-07,
ACEH JAYA,2026-03-07,0.0
ACEH UTARA,2026-03-07,
BIREUEN,2026-03-07,
GAYO LUES,2026-03-07,
ACEH BARAT DAYA,2026-03-07,
ACEH BESAR,2026-03-07,0.9527189124350257
ACEH BARAT,2026-03-07,
PIDIE,2026-03-07,
ACEH TENGGARA,2026-03-07,
ACEH SELATAN,2026-03-07,
ACEH TENGAH,2026-03-07,
ACEH TIMUR,2026-03-07,
ACEH SINGKIL,2026-03-07,
SIMEULUE,2026-03-07,
PIDIE JAYA,2026-03-07,
LANGSA,2026-03-07,
SABANG,2026-03-07,0.8532219570405727
SUBULUSSALAM,2026-03-07,
LHOKSEUMAWE,2026-03-07,
BANDA ACEH,2026-03-07,0.8633033813287142
NAGAN RAYA,2026-03-07,
ACEH TAMIANG,2026-03-07,
BENER MERIAH,2026-03-07,
ACEH JAYA,2026-03-07,
ACEH UTARA,2026-03-07,
BIREUEN,2026-03-07,
GAYO LUES,2026-03-07,
ACEH BARAT DAYA,2026-03-07,
ACEH BESAR,2026-03-07,0.8635926397120427
ACEH BARAT,2026-03-07,
PIDIE,2026-03-07,
ACEH TENGGARA,2026-03-07,
ACEH SELATAN,2026-03-07,
ACEH TENGAH,2026-03-07,
ACEH TIMUR,2026-03-07,
ACEH SINGKIL,2026-03-07,
SIMEULUE,2026-03-07,
PIDIE JAYA,2026-03-09,
LANGSA,2026-03-09,
SABANG,2026-03-09,
SUBULUSSALAM,2026-03-09,
LHOKSEUMAWE,2026-03-09,
BANDA ACEH,2026-03-09,
NAGAN RAYA,2026-03-09,
ACEH TAMIANG,2026-03-09,
BENER MERIAH,2026-03-09,
ACEH JAYA,2026-03-09,
ACEH UTARA,2026-03-09,
BIREUEN,2026-03-09,
GAYO LUES,2026-03-09,
ACEH BARAT DAYA,2026-03-09,
ACEH BESAR,2026-03-09,
ACEH BARAT,2026-03-09,
PIDIE,2026-03-09,
ACEH TENGGARA,2026-03-09,
ACEH SELATAN,2026-03-09,
ACEH TENGAH,2026-03-09,
ACEH TIMUR,2026-03-09,
ACEH SINGKIL,2026-03-09,
SIMEULUE,2026-03-09,
PIDIE JAYA,2026-03-09,
LANGSA,2026-03-09,
SABANG,2026-03-09,
SUBULUSSALAM,2026-03-09,
LHOKSEUMAWE,2026-03-09,
BANDA ACEH,2026-03-09,
NAGAN RAYA,2026-03-09,
ACEH TAMIANG,2026-03-09,
BENER MERIAH,2026-03-09,
ACEH JAYA,2026-03-09,0.625
ACEH UTARA,2026-03-09,
BIREUEN,2026-03-09,
GAYO LUES,2026-03-09,
ACEH BARAT DAYA,2026-03-09,
ACEH BESAR,2026-03-09,0.6083999522729985
ACEH BARAT,2026-03-09,
PIDIE,2026-03-09,
ACEH TENGGARA,2026-03-09,
ACEH SELATAN,2026-03-09,
ACEH TENGAH,2026-03-09,
ACEH TIMUR,2026-03-09,
ACEH SINGKIL,2026-03-09,
SIMEULUE,2026-03-09,
PIDIE JAYA,2026-03-09,
LANGSA,2026-03-09,
SABANG,2026-03-09,
SUBULUSSALAM,2026-03-09,
LHOKSEUMAWE,2026-03-09,
BANDA ACEH,2026-03-09,
NAGAN RAYA,2026-03-09,0.5233644859813084
ACEH TAMIANG,2026-03-09,
BENER MERIAH,2026-03-09,
ACEH JAYA,2026-03-09,
ACEH UTARA,2026-03-09,
BIREUEN,2026-03-09,
GAYO LUES,2026-03-09,
ACEH BARAT DAYA,2026-03-09,
ACEH BESAR,2026-03-09,
ACEH BARAT,2026-03-09,0.6669521676110161
PIDIE,2026-03-09,
ACEH TENGGARA,2026-03-09,
ACEH SELATAN,2026-03-09,
ACEH TENGAH,2026-03-09,
ACEH TIMUR,2026-03-09,
ACEH SINGKIL,2026-03-09,
SIMEULUE,2026-03-09,
PIDIE JAYA,2026-03-09,0.760098782854119
LANGSA,2026-03-09,
SABANG,2026-03-09,
SUBULUSSALAM,2026-03-09,
LHOKSEUMAWE,2026-03-09,
BANDA ACEH,2026-03-09,
NAGAN RAYA,2026-03-09,
ACEH TAMIANG,2026-03-09,
BENER MERIAH,2026-03-09,
ACEH JAYA,2026-03-09,
ACEH UTARA,2026-03-09,
BIREUEN,2026-03-09,0.565692705227589
GAYO LUES,2026-03-09,
ACEH BARAT DAYA,2026-03-09,
ACEH BESAR,2026-03-09,
ACEH BARAT,2026-03-09,
PIDIE,2026-03-09,0.5267314277727304
ACEH TENGGARA,2026-03-09,
ACEH SELATAN,2026-03-09,
ACEH TENGAH,2026-03-09,
ACEH TIMUR,2026-03-09,
ACEH SINGKIL,2026-03-09,
SIMEULUE,2026-03-09,
PIDIE JAYA,2026-03-09,
LANGSA,2026-03-09,
SABANG,2026-03-09,
SUBULUSSALAM,2026-03-09,
LHOKSEUMAWE,2026-03-09,
BANDA ACEH,2026-03-09,
NAGAN RAYA,2026-03-09,0.33939662821650396
ACEH TAMIANG,2026-03-09,
BENER MERIAH,2026-03-09,
ACEH JAYA,2026-03-09,
ACEH UTARA,2026-03-09,
BIREUEN,2026-03-09,
GAYO LUES,2026-03-09,
ACEH BARAT DAYA,2026-03-09,0.9161322150962012
ACEH BESAR,2026-03-09,
ACEH BARAT,2026-03-09,
PIDIE,2026-03-09,
ACEH TENGGARA,2026-03-09,
ACEH SELATAN,2026-03-09,
ACEH TENGAH,2026-03-09,
ACEH TIMUR,2026-03-09,
ACEH SINGKIL,2026-03-09,
SIMEULUE,2026-03-09,
PIDIE JAYA,2026-03-09,
LANGSA,2026-03-09,
SABANG,2026-03-09,
SUBULUSSALAM,2026-03-09,
LHOKSEUMAWE,2026-03-09,
BANDA ACEH,2026-03-09,
NAGAN RAYA,2026-03-09,
ACEH TAMIANG,2026-03-09,
BENER MERIAH,2026-03-09,
ACEH JAYA,2026-03-09,
ACEH UTARA,2026-03-09,
BIREUEN,2026-03-09,
GAYO LUES,2026-03-09,
ACEH BARAT DAYA,2026-03-09,
ACEH BESAR,2026-03-09,
ACEH BARAT,2026-03-09,
PIDIE,2026-03-09,
ACEH TENGGARA,2026-03-09,
ACEH SELATAN,2026-03-09,
ACEH TENGAH,2026-03-09,
ACEH TIMUR,2026-03-09,
ACEH SINGKIL,2026-03-09,
SIMEULUE,2026-03-09,
PIDIE JAYA,2026-03-12,
LANGSA,2026-03-12,
SABANG,2026-03-12,
SUBULUSSALAM,2026-03-12,
LHOKSEUMAWE,2026-03-12,
BANDA ACEH,2026-03-12,
NAGAN RAYA,2026-03-12,
ACEH TAMIANG,2026-03-12,
BENER MERIAH,2026-03-12,
ACEH JAYA,2026-03-12,1.0
ACEH UTARA,2026-03-12,
BIREUEN,2026-03-12,
GAYO LUES,2026-03-12,
ACEH BARAT DAYA,2026-03-12,
ACEH BESAR,2026-03-12,0.8866317898486197
ACEH BARAT,2026-03-12,
PIDIE,2026-03-12,
ACEH TENGGARA,2026-03-12,
ACEH SELATAN,2026-03-12,
ACEH TENGAH,2026-03-12,
ACEH TIMUR,2026-03-12,
ACEH SINGKIL,2026-03-12,
SIMEULUE,2026-03-12,
PIDIE JAYA,2026-03-12,
LANGSA,2026-03-12,
SABANG,2026-03-12,0.7854791868344627
SUBULUSSALAM,2026-03-12,
LHOKSEUMAWE,2026-03-12,
BANDA ACEH,2026-03-12,
NAGAN RAYA,2026-03-12,
ACEH TAMIANG,2026-03-12,
BENER MERIAH,2026-03-12,
ACEH JAYA,2026-03-12,
ACEH UTARA,2026-03-12,
BIREUEN,2026-03-12,
GAYO LUES,2026-03-12,
ACEH BARAT DAYA,2026-03-12,
ACEH BESAR,2026-03-12,0.8464225487834258
ACEH BARAT,2026-03-12,
PIDIE,2026-03-12,
ACEH TENGGARA,2026-03-12,
ACEH SELATAN,2026-03-12,
ACEH TENGAH,2026-03-12,
ACEH TIMUR,2026-03-12,
ACEH SINGKIL,2026-03-12,
SIMEULUE,2026-03-12,
PIDIE JAYA,2026-03-16,
LANGSA,2026-03-16,
SABANG,2026-03-16,
SUBULUSSALAM,2026-03-16,0.9743924482827877
LHOKSEUMAWE,2026-03-16,
BANDA ACEH,2026-03-16,
NAGAN RAYA,2026-03-16,
ACEH TAMIANG,2026-03-16,
BENER MERIAH,2026-03-16,
ACEH JAYA,2026-03-16,
ACEH UTARA,2026-03-16,
BIREUEN,2026-03-16,
GAYO LUES,2026-03-16,
ACEH BARAT DAYA,2026-03-16,
ACEH BESAR,2026-03-16,
ACEH BARAT,2026-03-16,
PIDIE,2026-03-16,
ACEH TENGGARA,2026-03-16,
ACEH SELATAN,2026-03-16,
ACEH TENGAH,2026-03-16,
ACEH TIMUR,2026-03-16,
ACEH SINGKIL,2026-03-16,0.7848607186112232
SIMEULUE,2026-03-16,
PIDIE JAYA,2026-03-16,
LANGSA,2026-03-16,
SABANG,2026-03-16,
SUBULUSSALAM,2026-03-16,1.0
LHOKSEUMAWE,2026-03-16,
BANDA ACEH,2026-03-16,
NAGAN RAYA,2026-03-16,
ACEH TAMIANG,2026-03-16,
BENER MERIAH,2026-03-16,
ACEH JAYA,2026-03-16,
ACEH UTARA,2026-03-16,
BIREUEN,2026-03-16,
GAYO LUES,2026-03-16,
ACEH BARAT DAYA,2026-03-16,
ACEH BESAR,2026-03-16,
ACEH BARAT,2026-03-16,
PIDIE,2026-03-16,
ACEH TENGGARA,2026-03-16,0.7266225613970743
ACEH SELATAN,2026-03-16,0.7180451127819548
ACEH TENGAH,2026-03-16,
ACEH TIMUR,2026-03-16,
ACEH SINGKIL,2026-03-16,
SIMEULUE,2026-03-16,
PIDIE JAYA,2026-03-16,
LANGSA,2026-03-16,0.5356173677069199
SABANG,2026-03-16,
SUBULUSSALAM,2026-03-16,
LHOKSEUMAWE,2026-03-16,
BANDA ACEH,2026-03-16,
NAGAN RAYA,2026-03-16,
ACEH TAMIANG,2026-03-16,
BENER MERIAH,2026-03-16,
ACEH JAYA,2026-03-16,
ACEH UTARA,2026-03-16,
BIREUEN,2026-03-16,
GAYO LUES,2026-03-16,
ACEH BARAT DAYA,2026-03-16,
ACEH BESAR,2026-03-16,
ACEH BARAT,2026-03-16,
PIDIE,2026-03-16,
ACEH TENGGARA,2026-03-16,
ACEH SELATAN,2026-03-16,
ACEH TENGAH,2026-03-16,
ACEH TIMUR,2026-03-16,0.7836456558773424
ACEH SINGKIL,2026-03-16,
SIMEULUE,2026-03-16,
PIDIE JAYA,2026-03-17,
LANGSA,2026-03-17,
SABANG,2026-03-17,
SUBULUSSALAM,2026-03-17,
LHOKSEUMAWE,2026-03-17,
BANDA ACEH,2026-03-17,
NAGAN RAYA,2026-03-17,
ACEH TAMIANG,2026-03-17,
BENER MERIAH,2026-03-17,
ACEH JAYA,2026-03-17,0.0
ACEH UTARA,2026-03-17,
BIREUEN,2026-03-17,
GAYO LUES,2026-03-17,
ACEH BARAT DAYA,2026-03-17,
ACEH BESAR,2026-03-17,0.7434058306339657
ACEH BARAT,2026-03-17,
PIDIE,2026-03-17,
ACEH TENGGARA,2026-03-17,
ACEH SELATAN,2026-03-17,
ACEH TENGAH,2026-03-17,
ACEH TIMUR,2026-03-17,
ACEH SINGKIL,2026-03-17,
SIMEULUE,2026-03-17,
PIDIE JAYA,2026-03-17,
LANGSA,2026-03-17,
SABANG,2026-03-17,0.6116519394937846
SUBULUSSALAM,2026-03-17,
LHOKSEUMAWE,2026-03-17,
BANDA ACEH,2026-03-17,0.8898488120950324
NAGAN RAYA,2026-03-17,
ACEH TAMIANG,2026-03-17,
BENER MERIAH,2026-03-17,
ACEH JAYA,2026-03-17,
ACEH UTARA,2026-03-17,
BIREUEN,2026-03-17,
GAYO LUES,2026-03-17,
ACEH BARAT DAYA,2026-03-17,
ACEH BESAR,2026-03-17,0.7510130743940671
ACEH BARAT,2026-03-17,
PIDIE,2026-03-17,
ACEH TENGGARA,2026-03-17,
ACEH SELATAN,2026-03-17,
ACEH TENGAH,2026-03-17,
ACEH TIMUR,2026-03-17,
ACEH SINGKIL,2026-03-17,
SIMEULUE,2026-03-17,
PIDIE JAYA,2026-03-21,
LANGSA,2026-03-21,
SABANG,2026-03-21,
SUBULUSSALAM,2026-03-21,0.5826513911620295
LHOKSEUMAWE,2026-03-21,
BANDA ACEH,2026-03-21,
NAGAN RAYA,2026-03-21,
ACEH TAMIANG,2026-03-21,
BENER MERIAH,2026-03-21,
ACEH JAYA,2026-03-21,
ACEH UTARA,2026-03-21,
BIREUEN,2026-03-21,
GAYO LUES,2026-03-21,
ACEH BARAT DAYA,2026-03-21,
ACEH BESAR,2026-03-21,
ACEH BARAT,2026-03-21,
PIDIE,2026-03-21,
ACEH TENGGARA,2026-03-21,0.673169843559614
ACEH SELATAN,2026-03-21,0.6698932737652024
ACEH TENGAH,2026-03-21,
ACEH TIMUR,2026-03-21,
ACEH SINGKIL,2026-03-21,
SIMEULUE,2026-03-21,
PIDIE JAYA,2026-03-21,
LANGSA,2026-03-21,
SABANG,2026-03-21,
SUBULUSSALAM,2026-03-21,
LHOKSEUMAWE,2026-03-21,
BANDA ACEH,2026-03-21,
NAGAN RAYA,2026-03-21,
ACEH TAMIANG,2026-03-21,0.5214158605986926
BENER MERIAH,2026-03-21,
ACEH JAYA,2026-03-21,
ACEH UTARA,2026-03-21,
BIREUEN,2026-03-21,
GAYO LUES,2026-03-21,
ACEH BARAT DAYA,2026-03-21,
ACEH BESAR,2026-03-21,
ACEH BARAT,2026-03-21,
PIDIE,2026-03-21,
ACEH TENGGARA,2026-03-21,
ACEH SELATAN,2026-03-21,
ACEH TENGAH,2026-03-21,
ACEH TIMUR,2026-03-21,
ACEH SINGKIL,2026-03-21,
SIMEULUE,2026-03-21,
PIDIE JAYA,2026-03-21,
LANGSA,2026-03-21,0.3636363636363636
SABANG,2026-03-21,
SUBULUSSALAM,2026-03-21,
LHOKSEUMAWE,2026-03-21,
BANDA ACEH,2026-03-21,
NAGAN RAYA,2026-03-21,
ACEH TAMIANG,2026-03-21,
BENER MERIAH,2026-03-21,
ACEH JAYA,2026-03-21,
ACEH UTARA,2026-03-21,
BIREUEN,2026-03-21,
GAYO LUES,2026-03-21,
ACEH BARAT DAYA,2026-03-21,
ACEH BESAR,2026-03-21,
ACEH BARAT,2026-03-21,
PIDIE,2026-03-21,
ACEH TENGGARA,2026-03-21,
ACEH SELATAN,2026-03-21,
ACEH TENGAH,2026-03-21,
ACEH TIMUR,2026-03-21,0.934412265758092
ACEH SINGKIL,2026-03-21,
SIMEULUE,2026-03-21,
PIDIE JAYA,2026-03-21,
LANGSA,2026-03-21,
SABANG,2026-03-21,
SUBULUSSALAM,2026-03-21,1.0
LHOKSEUMAWE,2026-03-21,
BANDA ACEH,2026-03-21,
NAGAN RAYA,2026-03-21,
ACEH TAMIANG,2026-03-21,
BENER MERIAH,2026-03-21,
ACEH JAYA,2026-03-21,
ACEH UTARA,2026-03-21,
BIREUEN,2026-03-21,
GAYO LUES,2026-03-21,
ACEH BARAT DAYA,2026-03-21,
ACEH BESAR,2026-03-21,
ACEH BARAT,2026-03-21,
PIDIE,2026-03-21,
ACEH TENGGARA,2026-03-21,
ACEH SELATAN,2026-03-21,
ACEH TENGAH,2026-03-21,
ACEH TIMUR,2026-03-21,
ACEH SINGKIL,2026-03-21,0.5417201540436457
SIMEULUE,2026-03-21,
PIDIE JAYA,2026-03-22,
LANGSA,2026-03-22,
SABANG,2026-03-22,
SUBULUSSALAM,2026-03-22,
LHOKSEUMAWE,2026-03-22,
BANDA ACEH,2026-03-22,
NAGAN RAYA,2026-03-22,
ACEH TAMIANG,2026-03-22,
BENER MERIAH,2026-03-22,
ACEH JAYA,2026-03-22,
ACEH UTARA,2026-03-22,
BIREUEN,2026-03-22,
GAYO LUES,2026-03-22,
ACEH BARAT DAYA,2026-03-22,
ACEH BESAR,2026-03-22,0.9116072514904487
ACEH BARAT,2026-03-22,
PIDIE,2026-03-22,
ACEH TENGGARA,2026-03-22,
ACEH SELATAN,2026-03-22,
ACEH TENGAH,2026-03-22,
ACEH TIMUR,2026-03-22,
ACEH SINGKIL,2026-03-22,
SIMEULUE,2026-03-22,
PIDIE JAYA,2026-03-22,
LANGSA,2026-03-22,
SABANG,2026-03-22,0.862641758034916
SUBULUSSALAM,2026-03-22,
LHOKSEUMAWE,2026-03-22,
BANDA ACEH,2026-03-22,0.5450011873664212
NAGAN RAYA,2026-03-22,
ACEH TAMIANG,2026-03-22,
BENER MERIAH,2026-03-22,
ACEH JAYA,2026-03-22,
ACEH UTARA,2026-03-22,
BIREUEN,2026-03-22,
GAYO LUES,2026-03-22,
ACEH BARAT DAYA,2026-03-22,
ACEH BESAR,2026-03-22,0.7503493083694287
ACEH BARAT,2026-03-22,
PIDIE,2026-03-22,
ACEH TENGGARA,2026-03-22,
ACEH SELATAN,2026-03-22,
ACEH TENGAH,2026-03-22,
ACEH TIMUR,2026-03-22,
ACEH SINGKIL,2026-03-22,
SIMEULUE,2026-03-22,
PIDIE JAYA,2026-03-22,
LANGSA,2026-03-22,
SABANG,2026-03-22,
SUBULUSSALAM,2026-03-22,
LHOKSEUMAWE,2026-03-22,
BANDA ACEH,2026-03-22,
NAGAN RAYA,2026-03-22,
ACEH TAMIANG,2026-03-22,
BENER MERIAH,2026-03-22,
ACEH JAYA,2026-03-22,1.0
ACEH UTARA,2026-03-22,
BIREUEN,2026-03-22,
GAYO LUES,2026-03-22,
ACEH BARAT DAYA,2026-03-22,
ACEH BESAR,2026-03-22,0.9682203389830508
ACEH BARAT,2026-03-22,
PIDIE,2026-03-22,
ACEH TENGGARA,2026-03-22,
ACEH SELATAN,2026-03-22,
ACEH TENGAH,2026-03-22,
ACEH TIMUR,2026-03-22,
ACEH SINGKIL,2026-03-22,
SIMEULUE,2026-03-22,
PIDIE JAYA,2026-03-26,
LANGSA,2026-03-26,
SABANG,2026-03-26,
SUBULUSSALAM,2026-03-26,
LHOKSEUMAWE,2026-03-26,
BANDA ACEH,2026-03-26,
NAGAN RAYA,2026-03-26,
ACEH TAMIANG,2026-03-26,
BENER MERIAH,2026-03-26,
ACEH JAYA,2026-03-26,
ACEH UTARA,2026-03-26,
BIREUEN,2026-03-26,
GAYO LUES,2026-03-26,
ACEH BARAT DAYA,2026-03-26,
ACEH BESAR,2026-03-26,
ACEH BARAT,2026-03-26,
PIDIE,2026-03-26,
ACEH TENGGARA,2026-03-26,
ACEH SELATAN,2026-03-26,
ACEH TENGAH,2026-03-26,
ACEH TIMUR,2026-03-26,
ACEH SINGKIL,2026-03-26,1.0
SIMEULUE,2026-03-26,
PIDIE JAYA,2026-03-26,
LANGSA,2026-03-26,
SABANG,2026-03-26,
SUBULUSSALAM,2026-03-26,
LHOKSEUMAWE,2026-03-26,
BANDA ACEH,2026-03-26,
NAGAN RAYA,2026-03-26,
ACEH TAMIANG,2026-03-26,
BENER MERIAH,2026-03-26,
ACEH JAYA,2026-03-26,
ACEH UTARA,2026-03-26,
BIREUEN,2026-03-26,
GAYO LUES,2026-03-26,
ACEH BARAT DAYA,2026-03-26,
ACEH BESAR,2026-03-26,
ACEH BARAT,2026-03-26,
PIDIE,2026-03-26,
ACEH TENGGARA,2026-03-26,
ACEH SELATAN,2026-03-26,
ACEH TENGAH,2026-03-26,
ACEH TIMUR,2026-03-26,
ACEH SINGKIL,2026-03-26,
SIMEULUE,2026-03-26,
PIDIE JAYA,2026-03-26,
LANGSA,2026-03-26,
SABANG,2026-03-26,
SUBULUSSALAM,2026-03-26,0.9743924482827877
LHOKSEUMAWE,2026-03-26,
BANDA ACEH,2026-03-26,
NAGAN RAYA,2026-03-26,
ACEH TAMIANG,2026-03-26,
BENER MERIAH,2026-03-26,
ACEH JAYA,2026-03-26,
ACEH UTARA,2026-03-26,
BIREUEN,2026-03-26,
GAYO LUES,2026-03-26,
ACEH BARAT DAYA,2026-03-26,
ACEH BESAR,2026-03-26,
ACEH BARAT,2026-03-26,
PIDIE,2026-03-26,
ACEH TENGGARA,2026-03-26,
ACEH SELATAN,2026-03-26,
ACEH TENGAH,2026-03-26,
ACEH TIMUR,2026-03-26,
ACEH SINGKIL,2026-03-26,0.8036981358989778
SIMEULUE,2026-03-26,
PIDIE JAYA,2026-03-26,
LANGSA,2026-03-26,
SABANG,2026-03-26,
SUBULUSSALAM,2026-03-26,1.0
LHOKSEUMAWE,2026-03-26,
BANDA ACEH,2026-03-26,
NAGAN RAYA,2026-03-26,
ACEH TAMIANG,2026-03-26,
BENER MERIAH,2026-03-26,
ACEH JAYA,2026-03-26,
ACEH UTARA,2026-03-26,
BIREUEN,2026-03-26,
GAYO LUES,2026-03-26,
ACEH BARAT DAYA,2026-03-26,
ACEH BESAR,2026-03-26,
ACEH BARAT,2026-03-26,
PIDIE,2026-03-26,
ACEH TENGGARA,2026-03-26,0.5625551462864666
ACEH SELATAN,2026-03-26,0.8259493670886076
ACEH TENGAH,2026-03-26,
ACEH TIMUR,2026-03-26,
ACEH SINGKIL,2026-03-26,
SIMEULUE,2026-03-26,
PIDIE JAYA,2026-03-26,
LANGSA,2026-03-26,
SABANG,2026-03-26,
SUBULUSSALAM,2026-03-26,
LHOKSEUMAWE,2026-03-26,
BANDA ACEH,2026-03-26,
NAGAN RAYA,2026-03-26,
ACEH TAMIANG,2026-03-26,0.0
BENER MERIAH,2026-03-26,
ACEH JAYA,2026-03-26,
ACEH UTARA,2026-03-26,
BIREUEN,2026-03-26,
GAYO LUES,2026-03-26,
ACEH BARAT DAYA,2026-03-26,
ACEH BESAR,2026-03-26,
ACEH BARAT,2026-03-26,
PIDIE,2026-03-26,
ACEH TENGGARA,2026-03-26,
ACEH SELATAN,2026-03-26,
ACEH TENGAH,2026-03-26,
ACEH TIMUR,2026-03-26,
ACEH SINGKIL,2026-03-26,
SIMEULUE,2026-03-26,
PIDIE JAYA,2026-03-26,
LANGSA,2026-03-26,
SABANG,2026-03-26,0.6254500565785412
SUBULUSSALAM,2026-03-26,
LHOKSEUMAWE,2026-03-26,
BANDA ACEH,2026-03-26,
NAGAN RAYA,2026-03-26,
ACEH TAMIANG,2026-03-26,
BENER MERIAH,2026-03-26,
ACEH JAYA,2026-03-26,
ACEH UTARA,2026-03-26,
BIREUEN,2026-03-26,
GAYO LUES,2026-03-26,
ACEH BARAT DAYA,2026-03-26,
ACEH BESAR,2026-03-26,0.7350878711799844
ACEH BARAT,2026-03-26,
PIDIE,2026-03-26,
ACEH TENGGARA,2026-03-26,
ACEH SELATAN,2026-03-26,
ACEH TENGAH,2026-03-26,
ACEH TIMUR,2026-03-26,
ACEH SINGKIL,2026-03-26,
SIMEULUE,2026-03-26,
PIDIE JAYA,2026-03-26,
LANGSA,2026-03-26,
SABANG,2026-03-26,
SUBULUSSALAM,2026-03-26,
LHOKSEUMAWE,2026-03-26,
BANDA ACEH,2026-03-26,
NAGAN RAYA,2026-03-26,
ACEH TAMIANG,2026-03-26,
BENER MERIAH,2026-03-26,
ACEH JAYA,2026-03-26,
ACEH UTARA,2026-03-26,
BIREUEN,2026-03-26,
GAYO LUES,2026-03-26,
ACEH BARAT DAYA,2026-03-26,
ACEH BESAR,2026-03-26,
ACEH BARAT,2026-03-26,
PIDIE,2026-03-26,
ACEH TENGGARA,2026-03-26,
ACEH SELATAN,2026-03-26,
ACEH TENGAH,2026-03-26,
ACEH TIMUR,2026-03-26,
ACEH SINGKIL,2026-03-26,
SIMEULUE,2026-03-26,0.7231624503008337
PIDIE JAYA,2026-03-26,0.5137299771167048
LANGSA,2026-03-26,
SABANG,2026-03-26,
SUBULUSSALAM,2026-03-26,
LHOKSEUMAWE,2026-03-26,
BANDA ACEH,2026-03-26,
NAGAN RAYA,2026-03-26,
ACEH TAMIANG,2026-03-26,
BENER MERIAH,2026-03-26,
ACEH JAYA,2026-03-26,
ACEH UTARA,2026-03-26,
BIREUEN,2026-03-26,0.49737161342499
GAYO LUES,2026-03-26,
ACEH BARAT DAYA,2026-03-26,
ACEH BESAR,2026-03-26,
ACEH BARAT,2026-03-26,
PIDIE,2026-03-26,0.6330972534116428
ACEH TENGGARA,2026-03-26,
ACEH SELATAN,2026-03-26,
ACEH TENGAH,2026-03-26,
ACEH TIMUR,2026-03-26,
ACEH SINGKIL,2026-03-26,
SIMEULUE,2026-03-26,
PIDIE JAYA,2026-03-26,
LANGSA,2026-03-26,
SABANG,2026-03-26,
SUBULUSSALAM,2026-03-26,
LHOKSEUMAWE,2026-03-26,
BANDA ACEH,2026-03-26,
NAGAN RAYA,2026-03-26,
ACEH TAMIANG,2026-03-26,
BENER MERIAH,2026-03-26,
ACEH JAYA,2026-03-26,
ACEH UTARA,2026-03-26,
BIREUEN,2026-03-26,
GAYO LUES,2026-03-26,
ACEH BARAT DAYA,2026-03-26,
ACEH BESAR,2026-03-26,
ACEH BARAT,2026-03-26,
PIDIE,2026-03-26,0.5653380924053143
ACEH TENGGARA,2026-03-26,
ACEH SELATAN,2026-03-26,
ACEH TENGAH,2026-03-26,
ACEH TIMUR,2026-03-26,
ACEH SINGKIL,2026-03-26,
SIMEULUE,2026-03-26,
PIDIE JAYA,2026-03-26,0.6666666666666666
LANGSA,2026-03-26,
SABANG,2026-03-26,
SUBULUSSALAM,2026-03-26,
LHOKSEUMAWE,2026-03-26,0.29044824815563297
BANDA ACEH,2026-03-26,
NAGAN RAYA,2026-03-26,
ACEH TAMIANG,2026-03-26,
BENER MERIAH,2026-03-26,
ACEH JAYA,2026-03-26,
ACEH UTARA,2026-03-26,0.6140029000088775
BIREUEN,2026-03-26,0.40604433130510365
GAYO LUES,2026-03-26,
ACEH BARAT DAYA,2026-03-26,
ACEH BESAR,2026-03-26,
ACEH BARAT,2026-03-26,
PIDIE,2026-03-26,
ACEH TENGGARA,2026-03-26,
ACEH SELATAN,2026-03-26,
ACEH TENGAH,2026-03-26,
ACEH TIMUR,2026-03-26,
ACEH SINGKIL,2026-03-26,
SIMEULUE,2026-03-26,
PIDIE JAYA,2026-03-26,
LANGSA,2026-03-26,
SABANG,2026-03-26,
SUBULUSSALAM,2026-03-26,
LHOKSEUMAWE,2026-03-26,
BANDA ACEH,2026-03-26,
NAGAN RAYA,2026-03-26,
ACEH TAMIANG,2026-03-26,
BENER MERIAH,2026-03-26,
ACEH JAYA,2026-03-26,
ACEH UTARA,2026-03-26,
BIREUEN,2026-03-26,
GAYO LUES,2026-03-26,
ACEH BARAT DAYA,2026-03-26,
ACEH BESAR,2026-03-26,
ACEH BARAT,2026-03-26,
PIDIE,2026-03-26,
ACEH TENGGARA,2026-03-26,
ACEH SELATAN,2026-03-26,0.9259115781318096
ACEH TENGAH,2026-03-26,
ACEH TIMUR,2026-03-26,
ACEH SINGKIL,2026-03-26,
SIMEULUE,2026-03-26,
PIDIE JAYA,2026-03-29,
LANGSA,2026-03-29,
SABANG,2026-03-29,0.5783475783475783
SUBULUSSALAM,2026-03-29,
LHOKSEUMAWE,2026-03-29,
BANDA ACEH,2026-03-29,0.797812396420285
NAGAN RAYA,2026-03-29,
ACEH TAMIANG,2026-03-29,
BENER MERIAH,2026-03-29,
ACEH JAYA,2026-03-29,
ACEH UTARA,2026-03-29,
BIREUEN,2026-03-29,
GAYO LUES,2026-03-29,
ACEH BARAT DAYA,2026-03-29,
ACEH BESAR,2026-03-29,0.7692307692307693
ACEH BARAT,2026-03-29,
PIDIE,2026-03-29,
ACEH TENGGARA,2026-03-29,
ACEH SELATAN,2026-03-29,
ACEH TENGAH,2026-03-29,
ACEH TIMUR,2026-03-29,
ACEH SINGKIL,2026-03-29,
SIMEULUE,2026-03-29,
PIDIE JAYA,2026-03-29,
LANGSA,2026-03-29,
SABANG,2026-03-29,
SUBULUSSALAM,2026-03-29,
LHOKSEUMAWE,2026-03-29,
BANDA ACEH,2026-03-29,
NAGAN RAYA,2026-03-29,
ACEH TAMIANG,2026-03-29,
BENER MERIAH,2026-03-29,
ACEH JAYA,2026-03-29,
ACEH UTARA,2026-03-29,
BIREUEN,2026-03-29,
GAYO LUES,2026-03-29,
ACEH BARAT DAYA,2026-03-29,
ACEH BESAR,2026-03-29,
ACEH BARAT,2026-03-29,
PIDIE,2026-03-29,0.719875091844232
ACEH TENGGARA,2026-03-29,
ACEH SELATAN,2026-03-29,
ACEH TENGAH,2026-03-29,
ACEH TIMUR,2026-03-29,
ACEH SINGKIL,2026-03-29,
SIMEULUE,2026-03-29,
PIDIE JAYA,2026-04-05,
LANGSA,2026-04-05,0.47065807327001347
SABANG,2026-04-05,
SUBULUSSALAM,2026-04-05,
LHOKSEUMAWE,2026-04-05,
BANDA ACEH,2026-04-05,
NAGAN RAYA,2026-04-05,
ACEH TAMIANG,2026-04-05,
BENER MERIAH,2026-04-05,
ACEH JAYA,2026-04-05,
ACEH UTARA,2026-04-05,
BIREUEN,2026-04-05,
GAYO LUES,2026-04-05,
ACEH BARAT DAYA,2026-04-05,
ACEH BESAR,2026-04-05,
ACEH BARAT,2026-04-05,
PIDIE,2026-04-05,
ACEH TENGGARA,2026-04-05,
ACEH SELATAN,2026-04-05,
ACEH TENGAH,2026-04-05,
ACEH TIMUR,2026-04-05,0.674403747870528
ACEH SINGKIL,2026-04-05,
SIMEULUE,2026-04-05,
PIDIE JAYA,2026-04-12,
LANGSA,2026-04-12,0.8978288633461047
SABANG,2026-04-12,
SUBULUSSALAM,2026-04-12,
LHOKSEUMAWE,2026-04-12,
BANDA ACEH,2026-04-12,
NAGAN RAYA,2026-04-12,
ACEH TAMIANG,2026-04-12,
BENER MERIAH,2026-04-12,
ACEH JAYA,2026-04-12,
ACEH UTARA,2026-04-12,
BIREUEN,2026-04-12,
GAYO LUES,2026-04-12,
ACEH BARAT DAYA,2026-04-12,
ACEH BESAR,2026-04-12,
ACEH BARAT,2026-04-12,
PIDIE,2026-04-12,
ACEH TENGGARA,2026-04-12,
ACEH SELATAN,2026-04-12,
ACEH TENGAH,2026-04-12,
ACEH TIMUR,2026-04-12,0.7287052810902895
ACEH SINGKIL,2026-04-12,
SIMEULUE,2026-04-12,
PIDIE JAYA,2026-04-12,
LANGSA,2026-04-12,
SABANG,2026-04-12,
SUBULUSSALAM,2026-04-12,
LHOKSEUMAWE,2026-04-12,
BANDA ACEH,2026-04-12,
NAGAN RAYA,2026-04-12,
ACEH TAMIANG,2026-04-12,0.2837526478129994
BENER MERIAH,2026-04-12,
ACEH JAYA,2026-04-12,
ACEH UTARA,2026-04-12,
BIREUEN,2026-04-12,
GAYO LUES,2026-04-12,
ACEH BARAT DAYA,2026-04-12,
ACEH BESAR,2026-04-12,
ACEH BARAT,2026-04-12,
PIDIE,2026-04-12,
ACEH TENGGARA,2026-04-12,
ACEH SELATAN,2026-04-12,
ACEH TENGAH,2026-04-12,
ACEH TIMUR,2026-04-12,
ACEH SINGKIL,2026-04-12,
SIMEULUE,2026-04-12,
PIDIE JAYA,2026-04-13,
LANGSA,2026-04-13,
SABANG,2026-04-13,
SUBULUSSALAM,2026-04-13,
LHOKSEUMAWE,2026-04-13,
BANDA ACEH,2026-04-13,0.770322813997649
NAGAN RAYA,2026-04-13,
ACEH TAMIANG,2026-04-13,
BENER MERIAH,2026-04-13,
ACEH JAYA,2026-04-13,
ACEH UTARA,2026-04-13,
BIREUEN,2026-04-13,
GAYO LUES,2026-04-13,
ACEH BARAT DAYA,2026-04-13,
ACEH BESAR,2026-04-13,0.875
ACEH BARAT,2026-04-13,
PIDIE,2026-04-13,
ACEH TENGGARA,2026-04-13,
ACEH SELATAN,2026-04-13,
ACEH TENGAH,2026-04-13,
ACEH TIMUR,2026-04-13,
ACEH SINGKIL,2026-04-13,
SIMEULUE,2026-04-13,
PIDIE JAYA,2026-04-15,
LANGSA,2026-04-15,
SABANG,2026-04-15,0.6737547334692688
SUBULUSSALAM,2026-04-15,
LHOKSEUMAWE,2026-04-15,
BANDA ACEH,2026-04-15,0.8640235285130438
NAGAN RAYA,2026-04-15,
ACEH TAMIANG,2026-04-15,
BENER MERIAH,2026-04-15,
ACEH JAYA,2026-04-15,
ACEH UTARA,2026-04-15,
BIREUEN,2026-04-15,
GAYO LUES,2026-04-15,
ACEH BARAT DAYA,2026-04-15,
ACEH BESAR,2026-04-15,0.8172230186360844
ACEH BARAT,2026-04-15,
PIDIE,2026-04-15,
ACEH TENGGARA,2026-04-15,
ACEH SELATAN,2026-04-15,
ACEH TENGAH,2026-04-15,
ACEH TIMUR,2026-04-15,
ACEH SINGKIL,2026-04-15,
SIMEULUE,2026-04-15,
PIDIE JAYA,2026-04-16,
LANGSA,2026-04-16,
SABANG,2026-04-16,0.7782082556081695
SUBULUSSALAM,2026-04-16,
LHOKSEUMAWE,2026-04-16,
BANDA ACEH,2026-04-16,0.7712821623182129
NAGAN RAYA,2026-04-16,
ACEH TAMIANG,2026-04-16,
BENER MERIAH,2026-04-16,
ACEH JAYA,2026-04-16,
ACEH UTARA,2026-04-16,
BIREUEN,2026-04-16,
GAYO LUES,2026-04-16,
ACEH BARAT DAYA,2026-04-16,
ACEH BESAR,2026-04-16,0.5568448003486409
ACEH BARAT,2026-04-16,
PIDIE,2026-04-16,
ACEH TENGGARA,2026-04-16,
ACEH SELATAN,2026-04-16,
ACEH TENGAH,2026-04-16,
ACEH TIMUR,2026-04-16,
ACEH SINGKIL,2026-04-16,
SIMEULUE,2026-04-16,
PIDIE JAYA,2026-04-18,
LANGSA,2026-04-18,
SABANG,2026-04-18,
SUBULUSSALAM,2026-04-18,
LHOKSEUMAWE,2026-04-18,
BANDA ACEH,2026-04-18,
NAGAN RAYA,2026-04-18,
ACEH TAMIANG,2026-04-18,
BENER MERIAH,2026-04-18,
ACEH JAYA,2026-04-18,
ACEH UTARA,2026-04-18,
BIREUEN,2026-04-18,
GAYO LUES,2026-04-18,
ACEH BARAT DAYA,2026-04-18,
ACEH BESAR,2026-04-18,
ACEH BARAT,2026-04-18,
PIDIE,2026-04-18,
ACEH TENGGARA,2026-04-18,
ACEH SELATAN,2026-04-18,
ACEH TENGAH,2026-04-18,
ACEH TIMUR,2026-04-18,
ACEH SINGKIL,2026-04-18,
SIMEULUE,2026-04-18,
PIDIE JAYA,2026-04-18,
LANGSA,2026-04-18,
SABANG,2026-04-18,
SUBULUSSALAM,2026-04-18,
LHOKSEUMAWE,2026-04-18,
BANDA ACEH,2026-04-18,
NAGAN RAYA,2026-04-18,
ACEH TAMIANG,2026-04-18,
BENER MERIAH,2026-04-18,
ACEH JAYA,2026-04-18,0.875
ACEH UTARA,2026-04-18,
BIREUEN,2026-04-18,
GAYO LUES,2026-04-18,
ACEH BARAT DAYA,2026-04-18,
ACEH BESAR,2026-04-18,0.75
ACEH BARAT,2026-04-18,
PIDIE,2026-04-18,
ACEH TENGGARA,2026-04-18,
ACEH SELATAN,2026-04-18,
ACEH TENGAH,2026-04-18,
ACEH TIMUR,2026-04-18,
ACEH SINGKIL,2026-04-18,
SIMEULUE,2026-04-18,
PIDIE JAYA,2026-04-18,
LANGSA,2026-04-18,
SABANG,2026-04-18,0.0
SUBULUSSALAM,2026-04-18,
LHOKSEUMAWE,2026-04-18,
BANDA ACEH,2026-04-18,0.8164390993760737
NAGAN RAYA,2026-04-18,
ACEH TAMIANG,2026-04-18,
BENER MERIAH,2026-04-18,
ACEH JAYA,2026-04-18,
ACEH UTARA,2026-04-18,
BIREUEN,2026-04-18,
GAYO LUES,2026-04-18,
ACEH BARAT DAYA,2026-04-18,
ACEH BESAR,2026-04-18,0.868421052631579
ACEH BARAT,2026-04-18,
PIDIE,2026-04-18,
ACEH TENGGARA,2026-04-18,
ACEH SELATAN,2026-04-18,
ACEH TENGAH,2026-04-18,
ACEH TIMUR,2026-04-18,
ACEH SINGKIL,2026-04-18,
SIMEULUE,2026-04-18,
PIDIE JAYA,2026-04-18,
LANGSA,2026-04-18,
SABANG,2026-04-18,
SUBULUSSALAM,2026-04-18,
LHOKSEUMAWE,2026-04-18,
BANDA ACEH,2026-04-18,
NAGAN RAYA,2026-04-18,
ACEH TAMIANG,2026-04-18,
BENER MERIAH,2026-04-18,
ACEH JAYA,2026-04-18,
ACEH UTARA,2026-04-18,
BIREUEN,2026-04-18,
GAYO LUES,2026-04-18,
ACEH BARAT DAYA,2026-04-18,
ACEH BESAR,2026-04-18,
ACEH BARAT,2026-04-18,
PIDIE,2026-04-18,
ACEH TENGGARA,2026-04-18,
ACEH SELATAN,2026-04-18,
ACEH TENGAH,2026-04-18,
ACEH TIMUR,2026-04-18,
ACEH SINGKIL,2026-04-18,
SIMEULUE,2026-04-18,0.7750700226740087
PIDIE JAYA,2026-04-18,
LANGSA,2026-04-18,
SABANG,2026-04-18,
SUBULUSSALAM,2026-04-18,
LHOKSEUMAWE,2026-04-18,
BANDA ACEH,2026-04-18,
NAGAN RAYA,2026-04-18,0.7558878504672898
ACEH TAMIANG,2026-04-18,
BENER MERIAH,2026-04-18,
ACEH JAYA,2026-04-18,
ACEH UTARA,2026-04-18,
BIREUEN,2026-04-18,
GAYO LUES,2026-04-18,
ACEH BARAT DAYA,2026-04-18,
ACEH BESAR,2026-04-18,
ACEH BARAT,2026-04-18,0.7708531127085312
PIDIE,2026-04-18,
ACEH TENGGARA,2026-04-18,
ACEH SELATAN,2026-04-18,
ACEH TENGAH,2026-04-18,
ACEH TIMUR,2026-04-18,
ACEH SINGKIL,2026-04-18,
SIMEULUE,2026-04-18,
PIDIE JAYA,2026-04-18,0.7001234785676487
LANGSA,2026-04-18,
SABANG,2026-04-18,
SUBULUSSALAM,2026-04-18,
LHOKSEUMAWE,2026-04-18,
BANDA ACEH,2026-04-18,
NAGAN RAYA,2026-04-18,
ACEH TAMIANG,2026-04-18,
BENER MERIAH,2026-04-18,
ACEH JAYA,2026-04-18,
ACEH UTARA,2026-04-18,
BIREUEN,2026-04-18,0.7534618697409396
GAYO LUES,2026-04-18,
ACEH BARAT DAYA,2026-04-18,
ACEH BESAR,2026-04-18,
ACEH BARAT,2026-04-18,
PIDIE,2026-04-18,0.7093913744457879
ACEH TENGGARA,2026-04-18,
ACEH SELATAN,2026-04-18,
ACEH TENGAH,2026-04-18,
ACEH TIMUR,2026-04-18,
ACEH SINGKIL,2026-04-18,
SIMEULUE,2026-04-18,
PIDIE JAYA,2026-04-18,
LANGSA,2026-04-18,
SABANG,2026-04-18,
SUBULUSSALAM,2026-04-18,
LHOKSEUMAWE,2026-04-18,
BANDA ACEH,2026-04-18,
NAGAN RAYA,2026-04-18,
ACEH TAMIANG,2026-04-18,
BENER MERIAH,2026-04-18,
ACEH JAYA,2026-04-18,
ACEH UTARA,2026-04-18,
BIREUEN,2026-04-18,
GAYO LUES,2026-04-18,
ACEH BARAT DAYA,2026-04-18,
ACEH BESAR,2026-04-18,
ACEH BARAT,2026-04-18,
PIDIE,2026-04-18,0.5506980161645848
ACEH TENGGARA,2026-04-18,
ACEH SELATAN,2026-04-18,
ACEH TENGAH,2026-04-18,
ACEH TIMUR,2026-04-18,
ACEH SINGKIL,2026-04-18,
SIMEULUE,2026-04-18,
PIDIE JAYA,2026-04-18,
LANGSA,2026-04-18,
SABANG,2026-04-18,
SUBULUSSALAM,2026-04-18,
LHOKSEUMAWE,2026-04-18,
BANDA ACEH,2026-04-18,
NAGAN RAYA,2026-04-18,
ACEH TAMIANG,2026-04-18,
BENER MERIAH,2026-04-18,
ACEH JAYA,2026-04-18,
ACEH UTARA,2026-04-18,
BIREUEN,2026-04-18,
GAYO LUES,2026-04-18,
ACEH BARAT DAYA,2026-04-18,
ACEH BESAR,2026-04-18,
ACEH BARAT,2026-04-18,
PIDIE,2026-04-18,
ACEH TENGGARA,2026-04-18,
ACEH SELATAN,2026-04-18,0.8113542282672975
ACEH TENGAH,2026-04-18,
ACEH TIMUR,2026-04-18,
ACEH SINGKIL,2026-04-18,
SIMEULUE,2026-04-18,
PIDIE JAYA,2026-04-18,0.9333333333333333
LANGSA,2026-04-18,
SABANG,2026-04-18,
SUBULUSSALAM,2026-04-18,
LHOKSEUMAWE,2026-04-18,0.40755908198959134
BANDA ACEH,2026-04-18,
NAGAN RAYA,2026-04-18,
ACEH TAMIANG,2026-04-18,
BENER MERIAH,2026-04-18,
ACEH JAYA,2026-04-18,
ACEH UTARA,2026-04-18,0.5660240888078241
BIREUEN,2026-04-18,0.6249903729147733
GAYO LUES,2026-04-18,
ACEH BARAT DAYA,2026-04-18,
ACEH BESAR,2026-04-18,
ACEH BARAT,2026-04-18,
PIDIE,2026-04-18,
ACEH TENGGARA,2026-04-18,
ACEH SELATAN,2026-04-18,
ACEH TENGAH,2026-04-18,
ACEH TIMUR,2026-04-18,
ACEH SINGKIL,2026-04-18,
SIMEULUE,2026-04-18,
PIDIE JAYA,2026-04-18,
LANGSA,2026-04-18,
SABANG,2026-04-18,
SUBULUSSALAM,2026-04-18,
LHOKSEUMAWE,2026-04-18,
BANDA ACEH,2026-04-18,
NAGAN RAYA,2026-04-18,
ACEH TAMIANG,2026-04-18,
BENER MERIAH,2026-04-18,
ACEH JAYA,2026-04-18,
ACEH UTARA,2026-04-18,
BIREUEN,2026-04-18,
GAYO LUES,2026-04-18,
ACEH BARAT DAYA,2026-04-18,
ACEH BESAR,2026-04-18,
ACEH BARAT,2026-04-18,
PIDIE,2026-04-18,
ACEH TENGGARA,2026-04-18,
ACEH SELATAN,2026-04-18,
ACEH TENGAH,2026-04-18,
ACEH TIMUR,2026-04-18,
ACEH SINGKIL,2026-04-18,0.8707551951343132
SIMEULUE,2026-04-18,
PIDIE JAYA,2026-04-18,
LANGSA,2026-04-18,
SABANG,2026-04-18,
SUBULUSSALAM,2026-04-18,
LHOKSEUMAWE,2026-04-18,
BANDA ACEH,2026-04-18,
NAGAN RAYA,2026-04-18,
ACEH TAMIANG,2026-04-18,
BENER MERIAH,2026-04-18,
ACEH JAYA,2026-04-18,
ACEH UTARA,2026-04-18,
BIREUEN,2026-04-18,
GAYO LUES,2026-04-18,
ACEH BARAT DAYA,2026-04-18,
ACEH BESAR,2026-04-18,
ACEH BARAT,2026-04-18,
PIDIE,2026-04-18,
ACEH TENGGARA,2026-04-18,
ACEH SELATAN,2026-04-18,0.8896103896103896
ACEH TENGAH,2026-04-18,
ACEH TIMUR,2026-04-18,
ACEH SINGKIL,2026-04-18,
SIMEULUE,2026-04-18,
PIDIE JAYA,2026-04-18,
LANGSA,2026-04-18,
SABANG,2026-04-18,
SUBULUSSALAM,2026-04-18,
LHOKSEUMAWE,2026-04-18,
BANDA ACEH,2026-04-18,
NAGAN RAYA,2026-04-18,
ACEH TAMIANG,2026-04-18,
BENER MERIAH,2026-04-18,
ACEH JAYA,2026-04-18,
ACEH UTARA,2026-04-18,0.7362136451469057
BIREUEN,2026-04-18,
GAYO LUES,2026-04-18,
ACEH BARAT DAYA,2026-04-18,
ACEH BESAR,2026-04-18,
ACEH BARAT,2026-04-18,
PIDIE,2026-04-18,
ACEH TENGGARA,2026-04-18,
ACEH SELATAN,2026-04-18,
ACEH TENGAH,2026-04-18,
ACEH TIMUR,2026-04-18,0.8298442471947746
ACEH SINGKIL,2026-04-18,
SIMEULUE,2026-04-18,
PIDIE JAYA,2026-04-18,
LANGSA,2026-04-18,
SABANG,2026-04-18,
SUBULUSSALAM,2026-04-18,
LHOKSEUMAWE,2026-04-18,
BANDA ACEH,2026-04-18,
NAGAN RAYA,2026-04-18,
ACEH TAMIANG,2026-04-18,
BENER MERIAH,2026-04-18,
ACEH JAYA,2026-04-18,1.0
ACEH UTARA,2026-04-18,
BIREUEN,2026-04-18,
GAYO LUES,2026-04-18,
ACEH BARAT DAYA,2026-04-18,
ACEH BESAR,2026-04-18,0.8814160320874265
ACEH BARAT,2026-04-18,
PIDIE,2026-04-18,
ACEH TENGGARA,2026-04-18,
ACEH SELATAN,2026-04-18,
ACEH TENGAH,2026-04-18,
ACEH TIMUR,2026-04-18,
ACEH SINGKIL,2026-04-18,
SIMEULUE,2026-04-18,
PIDIE JAYA,2026-04-18,
LANGSA,2026-04-18,
SABANG,2026-04-18,0.7520877070212271
SUBULUSSALAM,2026-04-18,
LHOKSEUMAWE,2026-04-18,
BANDA ACEH,2026-04-18,0.7712821623182129
NAGAN RAYA,2026-04-18,
ACEH TAMIANG,2026-04-18,
BENER MERIAH,2026-04-18,
ACEH JAYA,2026-04-18,
ACEH UTARA,2026-04-18,
BIREUEN,2026-04-18,
GAYO LUES,2026-04-18,
ACEH BARAT DAYA,2026-04-18,
ACEH BESAR,2026-04-18,0.6651720139157326
ACEH BARAT,2026-04-18,
PIDIE,2026-04-18,
ACEH TENGGARA,2026-04-18,
ACEH SELATAN,2026-04-18,
ACEH TENGAH,2026-04-18,
ACEH TIMUR,2026-04-18,
ACEH SINGKIL,2026-04-18,
SIMEULUE,2026-04-18,
PIDIE JAYA,2026-04-23,
LANGSA,2026-04-23,
SABANG,2026-04-23,0.8158593231585933
SUBULUSSALAM,2026-04-23,
LHOKSEUMAWE,2026-04-23,
BANDA ACEH,2026-04-23,0.88891804425785
NAGAN RAYA,2026-04-23,
ACEH TAMIANG,2026-04-23,
BENER MERIAH,2026-04-23,
ACEH JAYA,2026-04-23,
ACEH UTARA,2026-04-23,
BIREUEN,2026-04-23,
GAYO LUES,2026-04-23,
ACEH BARAT DAYA,2026-04-23,
ACEH BESAR,2026-04-23,0.7692468473489863
ACEH BARAT,2026-04-23,
PIDIE,2026-04-23,
ACEH TENGGARA,2026-04-23,
ACEH SELATAN,2026-04-23,
ACEH TENGAH,2026-04-23,
ACEH TIMUR,2026-04-23,
ACEH SINGKIL,2026-04-23,
SIMEULUE,2026-04-23,
PIDIE JAYA,2026-04-23,
LANGSA,2026-04-23,
SABANG,2026-04-23,
SUBULUSSALAM,2026-04-23,
LHOKSEUMAWE,2026-04-23,
BANDA ACEH,2026-04-23,
NAGAN RAYA,2026-04-23,
ACEH TAMIANG,2026-04-23,
BENER MERIAH,2026-04-23,
ACEH JAYA,2026-04-23,
ACEH UTARA,2026-04-23,
BIREUEN,2026-04-23,
GAYO LUES,2026-04-23,
ACEH BARAT DAYA,2026-04-23,
ACEH BESAR,2026-04-23,
ACEH BARAT,2026-04-23,
PIDIE,2026-04-23,0.9151359294636296
ACEH TENGGARA,2026-04-23,
ACEH SELATAN,2026-04-23,
ACEH TENGAH,2026-04-23,
ACEH TIMUR,2026-04-23,
ACEH SINGKIL,2026-04-23,
SIMEULUE,2026-04-23,
PIDIE JAYA,2026-04-23,0.6666666666666666
LANGSA,2026-04-23,
SABANG,2026-04-23,
SUBULUSSALAM,2026-04-23,
LHOKSEUMAWE,2026-04-23,0.4572862735193838
BANDA ACEH,2026-04-23,
NAGAN RAYA,2026-04-23,
ACEH TAMIANG,2026-04-23,
BENER MERIAH,2026-04-23,
ACEH JAYA,2026-04-23,
ACEH UTARA,2026-04-23,0.6266682449027906
BIREUEN,2026-04-23,0.44722046795335874
GAYO LUES,2026-04-23,
ACEH BARAT DAYA,2026-04-23,
ACEH BESAR,2026-04-23,
ACEH BARAT,2026-04-23,
PIDIE,2026-04-23,
ACEH TENGGARA,2026-04-23,
ACEH SELATAN,2026-04-23,
ACEH TENGAH,2026-04-23,
ACEH TIMUR,2026-04-23,
ACEH SINGKIL,2026-04-23,
SIMEULUE,2026-04-23,
PIDIE JAYA,2026-04-23,
LANGSA,2026-04-23,
SABANG,2026-04-23,
SUBULUSSALAM,2026-04-23,
LHOKSEUMAWE,2026-04-23,
BANDA ACEH,2026-04-23,
NAGAN RAYA,2026-04-23,
ACEH TAMIANG,2026-04-23,
BENER MERIAH,2026-04-23,
ACEH JAYA,2026-04-23,
ACEH UTARA,2026-04-23,0.7052470524705245
BIREUEN,2026-04-23,
GAYO LUES,2026-04-23,
ACEH BARAT DAYA,2026-04-23,
ACEH BESAR,2026-04-23,
ACEH BARAT,2026-04-23,
PIDIE,2026-04-23,
ACEH TENGGARA,2026-04-23,
ACEH SELATAN,2026-04-23,
ACEH TENGAH,2026-04-23,
ACEH TIMUR,2026-04-23,0.7845191820179144
ACEH SINGKIL,2026-04-23,
SIMEULUE,2026-04-23,
PIDIE JAYA,2026-04-25,
LANGSA,2026-04-25,
SABANG,2026-04-25,
SUBULUSSALAM,2026-04-25,
LHOKSEUMAWE,2026-04-25,
BANDA ACEH,2026-04-25,
NAGAN RAYA,2026-04-25,
ACEH TAMIANG,2026-04-25,
BENER MERIAH,2026-04-25,
ACEH JAYA,2026-04-25,
ACEH UTARA,2026-04-25,
BIREUEN,2026-04-25,
GAYO LUES,2026-04-25,
ACEH BARAT DAYA,2026-04-25,
ACEH BESAR,2026-04-25,
ACEH BARAT,2026-04-25,
PIDIE,2026-04-25,
ACEH TENGGARA,2026-04-25,
ACEH SELATAN,2026-04-25,
ACEH TENGAH,2026-04-25,
ACEH TIMUR,2026-04-25,
ACEH SINGKIL,2026-04-25,0.8556876061120543
SIMEULUE,2026-04-25,
PIDIE JAYA,2026-04-25,
LANGSA,2026-04-25,
SABANG,2026-04-25,
SUBULUSSALAM,2026-04-25,
LHOKSEUMAWE,2026-04-25,
BANDA ACEH,2026-04-25,
NAGAN RAYA,2026-04-25,
ACEH TAMIANG,2026-04-25,
BENER MERIAH,2026-04-25,
ACEH JAYA,2026-04-25,
ACEH UTARA,2026-04-25,
BIREUEN,2026-04-25,
GAYO LUES,2026-04-25,
ACEH BARAT DAYA,2026-04-25,
ACEH BESAR,2026-04-25,
ACEH BARAT,2026-04-25,
PIDIE,2026-04-25,
ACEH TENGGARA,2026-04-25,
ACEH SELATAN,2026-04-25,
ACEH TENGAH,2026-04-25,
ACEH TIMUR,2026-04-25,
ACEH SINGKIL,2026-04-25,
SIMEULUE,2026-04-25,
PIDIE JAYA,2026-04-25,
LANGSA,2026-04-25,
SABANG,2026-04-25,
SUBULUSSALAM,2026-04-25,0.9743924482827877
LHOKSEUMAWE,2026-04-25,
BANDA ACEH,2026-04-25,
NAGAN RAYA,2026-04-25,
ACEH TAMIANG,2026-04-25,
BENER MERIAH,2026-04-25,
ACEH JAYA,2026-04-25,
ACEH UTARA,2026-04-25,
BIREUEN,2026-04-25,
GAYO LUES,2026-04-25,
ACEH BARAT DAYA,2026-04-25,
ACEH BESAR,2026-04-25,
ACEH BARAT,2026-04-25,
PIDIE,2026-04-25,
ACEH TENGGARA,2026-04-25,
ACEH SELATAN,2026-04-25,
ACEH TENGAH,2026-04-25,
ACEH TIMUR,2026-04-25,
ACEH SINGKIL,2026-04-25,0.8049533169533171
SIMEULUE,2026-04-25,
PIDIE JAYA,2026-04-25,
LANGSA,2026-04-25,
SABANG,2026-04-25,
SUBULUSSALAM,2026-04-25,1.0
LHOKSEUMAWE,2026-04-25,
BANDA ACEH,2026-04-25,
NAGAN RAYA,2026-04-25,
ACEH TAMIANG,2026-04-25,
BENER MERIAH,2026-04-25,
ACEH JAYA,2026-04-25,
ACEH UTARA,2026-04-25,
BIREUEN,2026-04-25,
GAYO LUES,2026-04-25,
ACEH BARAT DAYA,2026-04-25,
ACEH BESAR,2026-04-25,
ACEH BARAT,2026-04-25,
PIDIE,2026-04-25,
ACEH TENGGARA,2026-04-25,0.7953810170725899
ACEH SELATAN,2026-04-25,0.7964755522462149
ACEH TENGAH,2026-04-25,
ACEH TIMUR,2026-04-25,
ACEH SINGKIL,2026-04-25,
SIMEULUE,2026-04-25,
PIDIE JAYA,2026-04-26,
LANGSA,2026-04-26,
SABANG,2026-04-26,0.8722104282089783
SUBULUSSALAM,2026-04-26,
LHOKSEUMAWE,2026-04-26,
BANDA ACEH,2026-04-26,0.840689427069935
NAGAN RAYA,2026-04-26,
ACEH TAMIANG,2026-04-26,
BENER MERIAH,2026-04-26,
ACEH JAYA,2026-04-26,
ACEH UTARA,2026-04-26,
BIREUEN,2026-04-26,
GAYO LUES,2026-04-26,
ACEH BARAT DAYA,2026-04-26,
ACEH BESAR,2026-04-26,0.6646506143253833
ACEH BARAT,2026-04-26,
PIDIE,2026-04-26,
ACEH TENGGARA,2026-04-26,
ACEH SELATAN,2026-04-26,
ACEH TENGAH,2026-04-26,
ACEH TIMUR,2026-04-26,
ACEH SINGKIL,2026-04-26,
SIMEULUE,2026-04-26,
PIDIE JAYA,2026-04-30,
LANGSA,2026-04-30,
SABANG,2026-04-30,
SUBULUSSALAM,2026-04-30,0.9474389364114192
LHOKSEUMAWE,2026-04-30,
BANDA ACEH,2026-04-30,
NAGAN RAYA,2026-04-30,
ACEH TAMIANG,2026-04-30,
BENER MERIAH,2026-04-30,
ACEH JAYA,2026-04-30,
ACEH UTARA,2026-04-30,
BIREUEN,2026-04-30,
GAYO LUES,2026-04-30,
ACEH BARAT DAYA,2026-04-30,
ACEH BESAR,2026-04-30,
ACEH BARAT,2026-04-30,
PIDIE,2026-04-30,
ACEH TENGGARA,2026-04-30,
ACEH SELATAN,2026-04-30,
ACEH TENGAH,2026-04-30,
ACEH TIMUR,2026-04-30,
ACEH SINGKIL,2026-04-30,0.8221001527135139
SIMEULUE,2026-04-30,
PIDIE JAYA,2026-04-30,
LANGSA,2026-04-30,
SABANG,2026-04-30,
SUBULUSSALAM,2026-04-30,1.0
LHOKSEUMAWE,2026-04-30,
BANDA ACEH,2026-04-30,
NAGAN RAYA,2026-04-30,
ACEH TAMIANG,2026-04-30,
BENER MERIAH,2026-04-30,
ACEH JAYA,2026-04-30,
ACEH UTARA,2026-04-30,
BIREUEN,2026-04-30,
GAYO LUES,2026-04-30,
ACEH BARAT DAYA,2026-04-30,
ACEH BESAR,2026-04-30,
ACEH BARAT,2026-04-30,
PIDIE,2026-04-30,
ACEH TENGGARA,2026-04-30,0.8571428571428571
ACEH SELATAN,2026-04-30,0.7382198952879581
ACEH TENGAH,2026-04-30,
ACEH TIMUR,2026-04-30,
ACEH SINGKIL,2026-04-30,
SIMEULUE,2026-04-30,
PIDIE JAYA,2026-05-03,
LANGSA,2026-05-03,
SABANG,2026-05-03,
SUBULUSSALAM,2026-05-03,
LHOKSEUMAWE,2026-05-03,
BANDA ACEH,2026-05-03,
NAGAN RAYA,2026-05-03,
ACEH TAMIANG,2026-05-03,
BENER MERIAH,2026-05-03,
ACEH JAYA,2026-05-03,
ACEH UTARA,2026-05-03,
BIREUEN,2026-05-03,
GAYO LUES,2026-05-03,
ACEH BARAT DAYA,2026-05-03,
ACEH BESAR,2026-05-03,
ACEH BARAT,2026-05-03,
PIDIE,2026-05-03,
ACEH TENGGARA,2026-05-03,
ACEH SELATAN,2026-05-03,
ACEH TENGAH,2026-05-03,
ACEH TIMUR,2026-05-03,
ACEH SINGKIL,2026-05-03,1.0
SIMEULUE,2026-05-03,0.7294842254519673
PIDIE JAYA,2026-05-03,
LANGSA,2026-05-03,
SABANG,2026-05-03,
SUBULUSSALAM,2026-05-03,
LHOKSEUMAWE,2026-05-03,
BANDA ACEH,2026-05-03,
NAGAN RAYA,2026-05-03,
ACEH TAMIANG,2026-05-03,
BENER MERIAH,2026-05-03,
ACEH JAYA,2026-05-03,
ACEH UTARA,2026-05-03,
BIREUEN,2026-05-03,
GAYO LUES,2026-05-03,
ACEH BARAT DAYA,2026-05-03,
ACEH BESAR,2026-05-03,
ACEH BARAT,2026-05-03,
PIDIE,2026-05-03,
ACEH TENGGARA,2026-05-03,
ACEH SELATAN,2026-05-03,0.7870634166930464
ACEH TENGAH,2026-05-03,
ACEH TIMUR,2026-05-03,
ACEH SINGKIL,2026-05-03,
SIMEULUE,2026-05-03,
PIDIE JAYA,2026-05-03,
LANGSA,2026-05-03,
SABANG,2026-05-03,
SUBULUSSALAM,2026-05-03,
LHOKSEUMAWE,2026-05-03,
BANDA ACEH,2026-05-03,
NAGAN RAYA,2026-05-03,
ACEH TAMIANG,2026-05-03,
BENER MERIAH,2026-05-03,
ACEH JAYA,2026-05-03,
ACEH UTARA,2026-05-03,
BIREUEN,2026-05-03,
GAYO LUES,2026-05-03,
ACEH BARAT DAYA,2026-05-03,
ACEH BESAR,2026-05-03,
ACEH BARAT,2026-05-03,
PIDIE,2026-05-03,
ACEH TENGGARA,2026-05-03,
ACEH SELATAN,2026-05-03,
ACEH TENGAH,2026-05-03,
ACEH TIMUR,2026-05-03,
ACEH SINGKIL,2026-05-03,0.7710951526032315
SIMEULUE,2026-05-03,
PIDIE JAYA,2026-05-03,
LANGSA,2026-05-03,
SABANG,2026-05-03,
SUBULUSSALAM,2026-05-03,
LHOKSEUMAWE,2026-05-03,
BANDA ACEH,2026-05-03,
NAGAN RAYA,2026-05-03,
ACEH TAMIANG,2026-05-03,
BENER MERIAH,2026-05-03,
ACEH JAYA,2026-05-03,
ACEH UTARA,2026-05-03,
BIREUEN,2026-05-03,
GAYO LUES,2026-05-03,
ACEH BARAT DAYA,2026-05-03,
ACEH BESAR,2026-05-03,
ACEH BARAT,2026-05-03,
PIDIE,2026-05-03,
ACEH TENGGARA,2026-05-03,
ACEH SELATAN,2026-05-03,0.8025908340214699
ACEH TENGAH,2026-05-03,
ACEH TIMUR,2026-05-03,
ACEH SINGKIL,2026-05-03,
SIMEULUE,2026-05-03,
PIDIE JAYA,2026-05-05,
LANGSA,2026-05-05,
SABANG,2026-05-05,
SUBULUSSALAM,2026-05-05,
LHOKSEUMAWE,2026-05-05,
BANDA ACEH,2026-05-05,
NAGAN RAYA,2026-05-05,
ACEH TAMIANG,2026-05-05,
BENER MERIAH,2026-05-05,
ACEH JAYA,2026-05-05,
ACEH UTARA,2026-05-05,
BIREUEN,2026-05-05,
GAYO LUES,2026-05-05,
ACEH BARAT DAYA,2026-05-05,
ACEH BESAR,2026-05-05,
ACEH BARAT,2026-05-05,
PIDIE,2026-05-05,
ACEH TENGGARA,2026-05-05,
ACEH SELATAN,2026-05-05,
ACEH TENGAH,2026-05-05,
ACEH TIMUR,2026-05-05,
ACEH SINGKIL,2026-05-05,
SIMEULUE,2026-05-05,
PIDIE JAYA,2026-05-05,
LANGSA,2026-05-05,
SABANG,2026-05-05,
SUBULUSSALAM,2026-05-05,
LHOKSEUMAWE,2026-05-05,
BANDA ACEH,2026-05-05,
NAGAN RAYA,2026-05-05,
ACEH TAMIANG,2026-05-05,
BENER MERIAH,2026-05-05,
ACEH JAYA,2026-05-05,
ACEH UTARA,2026-05-05,
BIREUEN,2026-05-05,
GAYO LUES,2026-05-05,
ACEH BARAT DAYA,2026-05-05,
ACEH BESAR,2026-05-05,
ACEH BARAT,2026-05-05,
PIDIE,2026-05-05,
ACEH TENGGARA,2026-05-05,0.8357165866024284
ACEH SELATAN,2026-05-05,0.8417721518987342
ACEH TENGAH,2026-05-05,
ACEH TIMUR,2026-05-05,
ACEH SINGKIL,2026-05-05,
SIMEULUE,2026-05-05,
PIDIE JAYA,2026-05-05,
LANGSA,2026-05-05,
SABANG,2026-05-05,
SUBULUSSALAM,2026-05-05,
LHOKSEUMAWE,2026-05-05,
BANDA ACEH,2026-05-05,
NAGAN RAYA,2026-05-05,
ACEH TAMIANG,2026-05-05,
BENER MERIAH,2026-05-05,
ACEH JAYA,2026-05-05,
ACEH UTARA,2026-05-05,
BIREUEN,2026-05-05,
GAYO LUES,2026-05-05,
ACEH BARAT DAYA,2026-05-05,
ACEH BESAR,2026-05-05,
ACEH BARAT,2026-05-05,
PIDIE,2026-05-05,
ACEH TENGGARA,2026-05-05,
ACEH SELATAN,2026-05-05,0.8024308750181589
ACEH TENGAH,2026-05-05,
ACEH TIMUR,2026-05-05,
ACEH SINGKIL,2026-05-05,
SIMEULUE,2026-05-05,
PIDIE JAYA,2026-05-22,
LANGSA,2026-05-22,
SABANG,2026-05-22,
SUBULUSSALAM,2026-05-22,
LHOKSEUMAWE,2026-05-22,
BANDA ACEH,2026-05-22,
NAGAN RAYA,2026-05-22,
ACEH TAMIANG,2026-05-22,
BENER MERIAH,2026-05-22,
ACEH JAYA,2026-05-22,
ACEH UTARA,2026-05-22,
BIREUEN,2026-05-22,
GAYO LUES,2026-05-22,
ACEH BARAT DAYA,2026-05-22,
ACEH BESAR,2026-05-22,
ACEH BARAT,2026-05-22,
PIDIE,2026-05-22,
ACEH TENGGARA,2026-05-22,
ACEH SELATAN,2026-05-22,
ACEH TENGAH,2026-05-22,
ACEH TIMUR,2026-05-22,
ACEH SINGKIL,2026-05-22,1.0
SIMEULUE,2026-05-22,
PIDIE JAYA,2026-05-22,
LANGSA,2026-05-22,
SABANG,2026-05-22,
SUBULUSSALAM,2026-05-22,0.9553493258623709
LHOKSEUMAWE,2026-05-22,
BANDA ACEH,2026-05-22,
NAGAN RAYA,2026-05-22,
ACEH TAMIANG,2026-05-22,
BENER MERIAH,2026-05-22,
ACEH JAYA,2026-05-22,
ACEH UTARA,2026-05-22,
BIREUEN,2026-05-22,
GAYO LUES,2026-05-22,
ACEH BARAT DAYA,2026-05-22,
ACEH BESAR,2026-05-22,
ACEH BARAT,2026-05-22,
PIDIE,2026-05-22,
ACEH TENGGARA,2026-05-22,0.7786723890258394
ACEH SELATAN,2026-05-22,0.8729001584786055
ACEH TENGAH,2026-05-22,
ACEH TIMUR,2026-05-22,
ACEH SINGKIL,2026-05-22,
SIMEULUE,2026-05-22,
PIDIE JAYA,2026-05-22,
LANGSA,2026-05-22,
SABANG,2026-05-22,
SUBULUSSALAM,2026-05-22,
LHOKSEUMAWE,2026-05-22,
BANDA ACEH,2026-05-22,
NAGAN RAYA,2026-05-22,
ACEH TAMIANG,2026-05-22,0.7328732910291751
BENER MERIAH,2026-05-22,
ACEH JAYA,2026-05-22,
ACEH UTARA,2026-05-22,
BIREUEN,2026-05-22,
GAYO LUES,2026-05-22,
ACEH BARAT DAYA,2026-05-22,
ACEH BESAR,2026-05-22,
ACEH BARAT,2026-05-22,
PIDIE,2026-05-22,
ACEH TENGGARA,2026-05-22,
ACEH SELATAN,2026-05-22,
ACEH TENGAH,2026-05-22,
ACEH TIMUR,2026-05-22,
ACEH SINGKIL,2026-05-22,
SIMEULUE,2026-05-22,
PIDIE JAYA,2026-05-22,
LANGSA,2026-05-22,
SABANG,2026-05-22,
SUBULUSSALAM,2026-05-22,0.9553493258623709
LHOKSEUMAWE,2026-05-22,
BANDA ACEH,2026-05-22,
NAGAN RAYA,2026-05-22,
ACEH TAMIANG,2026-05-22,
BENER MERIAH,2026-05-22,
ACEH JAYA,2026-05-22,
ACEH UTARA,2026-05-22,
BIREUEN,2026-05-22,
GAYO LUES,2026-05-22,
ACEH BARAT DAYA,2026-05-22,
ACEH BESAR,2026-05-22,
ACEH BARAT,2026-05-22,
PIDIE,2026-05-22,
ACEH TENGGARA,2026-05-22,
ACEH SELATAN,2026-05-22,
ACEH TENGAH,2026-05-22,
ACEH TIMUR,2026-05-22,
ACEH SINGKIL,2026-05-22,
SIMEULUE,2026-05-22,
PIDIE JAYA,2026-05-23,
LANGSA,2026-05-23,
SABANG,2026-05-23,
SUBULUSSALAM,2026-05-23,
LHOKSEUMAWE,2026-05-23,
BANDA ACEH,2026-05-23,
NAGAN RAYA,2026-05-23,
ACEH TAMIANG,2026-05-23,
BENER MERIAH,2026-05-23,
ACEH JAYA,2026-05-23,
ACEH UTARA,2026-05-23,
BIREUEN,2026-05-23,
GAYO LUES,2026-05-23,
ACEH BARAT DAYA,2026-05-23,
ACEH BESAR,2026-05-23,
ACEH BARAT,2026-05-23,
PIDIE,2026-05-23,
ACEH TENGGARA,2026-05-23,
ACEH SELATAN,2026-05-23,
ACEH TENGAH,2026-05-23,
ACEH TIMUR,2026-05-23,
ACEH SINGKIL,2026-05-23,
SIMEULUE,2026-05-23,0.8650820097004704
PIDIE JAYA,2026-05-23,
LANGSA,2026-05-23,
SABANG,2026-05-23,
SUBULUSSALAM,2026-05-23,
LHOKSEUMAWE,2026-05-23,
BANDA ACEH,2026-05-23,
NAGAN RAYA,2026-05-23,
ACEH TAMIANG,2026-05-23,
BENER MERIAH,2026-05-23,
ACEH JAYA,2026-05-23,
ACEH UTARA,2026-05-23,
BIREUEN,2026-05-23,
GAYO LUES,2026-05-23,
ACEH BARAT DAYA,2026-05-23,
ACEH BESAR,2026-05-23,
ACEH BARAT,2026-05-23,
PIDIE,2026-05-23,
ACEH TENGGARA,2026-05-23,
ACEH SELATAN,2026-05-23,
ACEH TENGAH,2026-05-23,
ACEH TIMUR,2026-05-23,
ACEH SINGKIL,2026-05-23,1.0
SIMEULUE,2026-05-23,0.8959125938932786
PIDIE JAYA,2026-05-23,
LANGSA,2026-05-23,
SABANG,2026-05-23,
SUBULUSSALAM,2026-05-23,
LHOKSEUMAWE,2026-05-23,
BANDA ACEH,2026-05-23,
NAGAN RAYA,2026-05-23,
ACEH TAMIANG,2026-05-23,
BENER MERIAH,2026-05-23,
ACEH JAYA,2026-05-23,
ACEH UTARA,2026-05-23,
BIREUEN,2026-05-23,
GAYO LUES,2026-05-23,
ACEH BARAT DAYA,2026-05-23,
ACEH BESAR,2026-05-23,
ACEH BARAT,2026-05-23,
PIDIE,2026-05-23,
ACEH TENGGARA,2026-05-23,
ACEH SELATAN,2026-05-23,0.7819368748877044
ACEH TENGAH,2026-05-23,
ACEH TIMUR,2026-05-23,
ACEH SINGKIL,2026-05-23,
SIMEULUE,2026-05-23,
PIDIE JAYA,2026-05-23,
LANGSA,2026-05-23,
SABANG,2026-05-23,
SUBULUSSALAM,2026-05-23,
LHOKSEUMAWE,2026-05-23,
BANDA ACEH,2026-05-23,
NAGAN RAYA,2026-05-23,
ACEH TAMIANG,2026-05-23,
BENER MERIAH,2026-05-23,
ACEH JAYA,2026-05-23,
ACEH UTARA,2026-05-23,
BIREUEN,2026-05-23,
GAYO LUES,2026-05-23,
ACEH BARAT DAYA,2026-05-23,
ACEH BESAR,2026-05-23,
ACEH BARAT,2026-05-23,
PIDIE,2026-05-23,
ACEH TENGGARA,2026-05-23,
ACEH SELATAN,2026-05-23,0.7792207792207793
ACEH TENGAH,2026-05-23,
ACEH TIMUR,2026-05-23,
ACEH SINGKIL,2026-05-23,
SIMEULUE,2026-05-23,
PIDIE JAYA,2026-05-23,
LANGSA,2026-05-23,
SABANG,2026-05-23,
SUBULUSSALAM,2026-05-23,
LHOKSEUMAWE,2026-05-23,
BANDA ACEH,2026-05-23,
NAGAN RAYA,2026-05-23,
ACEH TAMIANG,2026-05-23,
BENER MERIAH,2026-05-23,
ACEH JAYA,2026-05-23,
ACEH UTARA,2026-05-23,
BIREUEN,2026-05-23,
GAYO LUES,2026-05-23,
ACEH BARAT DAYA,2026-05-23,
ACEH BESAR,2026-05-23,
ACEH BARAT,2026-05-23,
PIDIE,2026-05-23,
ACEH TENGGARA,2026-05-23,
ACEH SELATAN,2026-05-23,
ACEH TENGAH,2026-05-23,
ACEH TIMUR,2026-05-23,
ACEH SINGKIL,2026-05-23,
SIMEULUE,2026-05-23,
